id,Address,Response_Address,Response_X,Response_Y
1,臺中市南區平順街1~30號,,,
2,臺中市南區南平路211~240號,,,
3,臺中市中區民權路151~180號,,,
4,臺中市北屯區大連路一段241~270號,,,
5,臺中市北屯區東山路二段250巷6弄1~30號,,,
6,臺中市北屯區同榮路239巷36弄1~30號,,,
7,臺中市北區太原路三段61巷1~30號,,,
8,臺中市北屯區北屯路181~210號,,,
9,臺中市北區瑞祥街91~120號,,,
10,臺中市北屯區中清路二段451~480號,,,
11,臺中市北屯區崇興路一段121~150號,,,
12,臺中市北屯區柳陽西街31~60號,,,
13,臺中市北區青島路一段1~30號,,,
14,臺中市北屯區同榮路318巷1~30號,,,
15,臺中市北區賴厝街31~60號,,,
16,臺中市北區忠太東路31~60號,,,
17,臺中市北屯區太原路三段464巷1~30號,,,
18,臺中市西屯區福上巷251弄31~60號,,,
19,臺中市南屯區黎明東街391~420號,,,
20,臺中市豐原區豐年路116巷6弄1~30號,,,
21,臺中市后里區三重三路301~330號,,,
22,臺中市豐原區豐原大道二段251巷1~30號,,,
23,臺中市豐原區社皮路185巷31~60號,,,
24,臺中市后里區中興街一段1~30號,,,
25,臺中市清水區光華路91~120號,,,
26,臺中市潭子區大成街1巷121~150號,,,
27,臺中市大里區好來五街61~90號,,,
28,臺中市大里區塗城路784巷8弄1~30號,,,
29,臺中市大里區長春路42巷3弄1~30號,,,
30,臺中市太平區中山路二段100巷1~30號,,,
31,臺中市太平區中山路三段170巷1弄1~30號,,,
32,臺中市太平區大源十三街1~30號,,,
33,臺中市龍井區龍社路46巷5弄1~30號,,,
34,臺中市龍井區中山二路一段43巷31~60號,,,
35,臺中市龍井區新興路47巷1~30號,,,
36,臺中市太平區宜欣八街1~30號,,,
37,臺中市大里區好來五街61~90號,,,
38,臺中市霧峰區錦州路433巷1~30號,,,
39,臺中市東勢區粵寧街31~60號,,,
40,臺中市西屯區工業區一路1~30號,,,
41,臺中市西屯區福上巷241弄1~30號,,,
42,臺中市西屯區西屯路二段268之8巷1~30號,,,
43,臺中市南屯區大業路241~270號,,,
44,臺中市南屯區河南路四段481~510號,,,
45,臺中市西屯區甘肅路一段1~30號,,,
46,臺中市北屯區崇德七路91~120號,,,
47,臺中市北區進化北路361~390號,,,
48,臺中市北區民權路359巷1~30號,,,
49,臺中市北區育興街1~30號,,,
50,臺中市北區陝西東五街1~30號,,,
51,臺中市北區進化路571~600號,,,
52,臺中市北屯區瀋陽路二段151~180號,,,
53,臺中市北區雙十路二段91~120號,,,
54,臺中市北屯區松義街181~210號,,,
55,臺中市北區漢口路四段61~90號,,,
56,臺中市北區學士路248巷31~60號,,,
57,臺中市北區國泰街1~30號,,,
58,臺中市南區南屯路一段305巷5弄1~30號,,,
59,臺中市西區民族路331~360號,,,
60,臺中市西區明禮街1~30號,,,
61,臺中市南區文心南路901~930號,,,
62,臺中市中區建國路181~210號,,,
63,臺中市南區福新街11巷1~30號,,,
64,臺中市南區大慶街二段7巷1~30號,,,
65,臺中市南區南門路59巷91~120號,,,
66,臺中市中區市府路107巷1~30號,,,
67,臺中市東區力行路61~90號,,,
68,臺中市中區民權路151~180號,,,
69,臺中市西區大全街100巷1~30號,,,
70,臺中市南區復興路三段331~360號,,,
71,臺中市西區居仁街1~30號,,,
72,臺中市南區學府路135巷1~30號,,,
73,臺中市東區復興路四段61~90號,,,
74,臺中市北區五順街241~270號,,,
75,臺中市北屯區崇德七路91~120號,,,
76,臺中市北區漢口路四段91~120號,,,
77,臺中市北區健行路86巷7弄1~30號,,,
78,臺中市北屯區安順二街1~30號,,,
79,臺中市北屯區大連路一段181~210號,,,
80,臺中市南屯區大光街151~180號,,,
81,臺中市南屯區南屯路二段430巷1~30號,,,
82,臺中市南屯區大墩六街234巷1~30號,,,
83,臺中市西屯區四川東街91~120號,,,
84,臺中市南屯區南屯路二段781~810號,,,
85,臺中市西屯區寧漢街61~90號,,,
86,臺中市西屯區天水西一街1~30號,,,
87,臺中市西屯區中清西二街45巷36弄61~90號,,,
88,臺中市西屯區上仁街121~150號,,,
89,臺中市西屯區福聯街22巷1~30號,,,
90,臺中市西屯區福上巷214弄31~60號,,,
91,臺中市西屯區精明路54巷1~30號,,,
92,臺中市豐原區圓環南路1巷1~30號,,,
93,臺中市豐原區豐南街211~240號,,,
94,臺中市豐原區南陽路綠山巷186弄1~30號,,,
95,臺中市大甲區開元路11巷1~30號,,,
96,臺中市潭子區勝利八街53巷69弄1~30號,,,
97,臺中市大雅區振興五路31巷1~30號,,,
98,臺中市大里區福大路31~60號,,,
99,臺中市大里區大里路39之1~30號,,,
100,臺中市大肚區仁德路六六東二巷33弄1~30號,,,
101,臺中市龍井區臺灣大道五段3巷62弄91~120號,,,
102,臺中市太平區德明路145巷31~60號,,,
103,臺中市大里區立仁路222巷31~60號,,,
104,臺中市大里區久居街59巷1~30號,,,
105,臺中市潭子區大通街53巷1~30號,,,
106,臺中市豐原區田心路二段247巷23弄1~30號,,,
107,臺中市西屯區西屯路二段126巷1~30號,,,
108,臺中市南屯區精誠路571~600號,,,
109,臺中市西屯區烈美街121~150號,,,
110,臺中市西屯區惠中路74巷1弄1~30號,,,
111,臺中市西屯區西安街130巷1~30號,,,
112,臺中市西屯區大墩二十街121~150號,,,
113,臺中市北區中清路一段601~630號,,,
114,臺中市北區健行路361~390號,,,
115,臺中市北屯區雷中街38巷27弄1~30號,,,
116,臺中市北屯區大連路一段27巷1~30號,,,
117,臺中市北區東光東街61~90號,,,
118,臺中市北屯區北屯路240巷1~30號,,,
119,臺中市北屯區太原路三段243巷1~30號,,,
120,臺中市北屯區東山路一段138巷31~60號,,,
121,臺中市北區陝西路1~30號,,,
122,臺中市中區民族路1~30號,,,
123,臺中市西區精誠24街1~30號,,,
124,臺中市南區美村路二段151~180號,,,
125,臺中市南區大慶街二段7巷1~30號,,,
126,臺中市北屯區雷中街25巷25弄1~30號,,,
127,臺中市北區永定一街61~90號,,,
128,臺中市北區永定一街61~90號,,,
129,臺中市北區西屯路一段331~360號,,,
130,臺中市北區永興街80巷31~60號,,,
131,臺中市北屯區北屯路240巷91~120號,,,
132,臺中市北屯區昌平路二段金谷巷61~90號,,,
133,臺中市北區健行路1~30號,,,
134,臺中市北屯區北屯路181~210號,,,
135,臺中市北區英士路106巷1~30號,,,
136,臺中市北屯區后庄路980巷9弄1~30號,,,
137,臺中市北區漢口路四段31~60號,,,
138,臺中市北區永興街61~90號,,,
139,臺中市北屯區文昌東七街56巷1~30號,,,
140,臺中市西屯區福上巷319弄1~30號,,,
141,臺中市西屯區順和一街181~210號,,,
142,臺中市西屯區西屯路二段241~270號,,,
143,臺中市西屯區黎明路三段301~330號,,,
144,臺中市西屯區上石路91~120號,,,
145,臺中市南屯區文心路一段61~90號,,,
146,臺中市西屯區臺灣大道二段871~900號,,,
147,臺中市后里區甲后路三段271~300號,,,
148,臺中市神岡區大裡街121~150號,,,
149,臺中市豐原區豐東路168巷67弄1~30號,,,
150,臺中市清水區五權路361~390號,,,
151,臺中市太平區文林街33巷31~60號,,,
152,臺中市太平區新平路三段367巷4弄1~30號,,,
153,臺中市豐原區中興路22巷1~30號,,,
154,臺中市神岡區中山路478巷31~60號,,,
155,臺中市后里區大興路215巷1~30號,,,
156,臺中市后里區大興路215巷1~30號,,,
157,臺中市大甲區經國路901~930號,,,
158,臺中市后里區大興路215巷1~30號,,,
159,臺中市后里區大興路215巷1~30號,,,
160,臺中市潭子區中山路一段7巷1~30號,,,
161,臺中市大雅區大林路164巷31~60號,,,
162,臺中市潭子區大德北路61~90號,,,
163,臺中市潭子區大新路61~90號,,,
164,臺中市大雅區民權街39巷1~30號,,,
165,臺中市東勢區東坑路45巷12弄1~30號,,,
166,臺中市清水區民和路二段357巷31~60號,,,
167,臺中市清水區高美路41巷1~30號,,,
168,臺中市沙鹿區臺灣大道七段432巷66弄1~30號,,,
169,臺中市西屯區臺灣大道二段871~900號,,,
170,臺中市西屯區西安街76巷12弄1~30號,,,
171,臺中市西屯區寶慶街30巷1~30號,,,
172,臺中市南屯區大昌街85巷1~30號,,,
173,臺中市西屯區漢口路二段27巷1~30號,,,
174,臺中市南屯區寶山東二街19巷1~30號,,,
175,臺中市北區自強街40巷1~30號,,,
176,臺中市北屯區南京東路三段35巷31~60號,,,
177,臺中市北區德化街1~30號,,,
178,臺中市北屯區崇興路一段31~60號,,,
179,臺中市北區健行路331~360號,,,
180,臺中市北屯區北屯路181~210號,,,
181,臺中市北屯區遼陽四街91~120號,,,
182,臺中市北屯區河北路二段91~120號,,,
183,臺中市北屯區柳陽西街97巷1~30號,,,
184,臺中市北區忠太東路91~120號,,,
185,臺中市北區東成三街241~270號,,,
186,臺中市北區陝西路91~120號,,,
187,臺中市南區學府路168巷1~30號,,,
188,臺中市西區梅川西路二段1~30號,,,
189,臺中市南區文心南十路181~210號,,,
190,臺中市南區學府路168巷1~30號,,,
191,臺中市南區學府路181~210號,,,
192,臺中市南區南陽街91~120號,,,
193,臺中市西區福龍街31~60號,,,
194,臺中市龍井區新興路1~30號,,,
195,臺中市太平區東村八街37巷11弄1~30號,,,
196,臺中市太平區鵬儀路214巷1弄1~30號,,,
197,臺中市太平區大興十三街13巷31~60號,,,
198,臺中市太平區新吉路5巷1~30號,,,
199,臺中市龍井區三港路水裡港巷3弄1~30號,,,
200,臺中市豐原區同安街151~180號,,,
201,臺中市西區模範街34巷1~30號,,,
202,臺中市南區忠孝路121~150號,,,
203,臺中市南區五權南路271~300號,,,
204,臺中市西區三民路一段50巷1~30號,,,
205,臺中市東區十甲路421~450號,,,
206,臺中市中區成功路306巷1~30號,,,
207,臺中市西區篤行路162巷31~60號,,,
208,臺中市北屯區文心路四段811~840號,,,
209,臺中市北區衛道路61~90號,,,
210,臺中市北屯區軍和街1~30號,,,
211,臺中市北區忠太東路91~120號,,,
212,臺中市北屯區松和街91~120號,,,
213,臺中市北屯區柳陽西街97巷1~30號,,,
214,臺中市北區漢口路四段91~120號,,,
215,臺中市北區進化北路241~270號,,,
216,臺中市北區東光東街61~90號,,,
217,臺中市北區東光東街1~30號,,,
218,臺中市西屯區西安街143巷1~30號,,,
219,臺中市西屯區臺灣大道二段871~900號,,,
220,臺中市西屯區至善路121巷1~30號,,,
221,臺中市西屯區西安街241~270號,,,
222,臺中市南屯區大昌街61~90號,,,
223,臺中市西屯區西安街130巷1~30號,,,
224,臺中市南屯區向心路91~120號,,,
225,臺中市南屯區黎明東街421~450號,,,
226,臺中市沙鹿區福幼街27巷31~60號,,,
227,臺中市清水區和睦路二段95巷31~60號,,,
228,臺中市沙鹿區福幼街157巷1~30號,,,
229,臺中市梧棲區四維中路241~270號,,,
230,臺中市沙鹿區中航路一段335巷1~30號,,,
231,臺中市大雅區民權街39巷1~30號,,,
232,臺中市外埔區中山路1~30號,,,
233,臺中市豐原區北陽路190巷31~60號,,,
234,臺中市豐原區角潭路一段59巷1弄1~30號,,,
235,臺中市豐原區南陽路國民新村61~90號,,,
236,臺中市豐原區安康路1~30號,,,
237,臺中市南屯區黎明東街391~420號,,,
238,臺中市大里區美群路62巷1~30號,,,
239,臺中市大里區公教街121~150號,,,
240,臺中市西屯區西屯路二段29巷1~30號,,,
241,臺中市南屯區向上路二段451~480號,,,
242,臺中市南屯區向上南路一段151~180號,,,
243,臺中市西屯區文華路162巷1~30號,,,
244,臺中市西屯區逢甲路75巷1~30號,,,
245,臺中市南屯區向心路151~180號,,,
246,臺中市北區篤行路90巷1~30號,,,
247,臺中市北屯區中清路二段808巷1~30號,,,
248,臺中市北區太原路三段1~30號,,,
249,臺中市北區五權路301~330號,,,
250,臺中市北區進化北路361~390號,,,
251,臺中市北屯區東山路一段147巷1~30號,,,
252,臺中市北屯區國強街278巷1~30號,,,
253,臺中市北區梅亭街1~30號,,,
254,臺中市南區復興路二段135巷1~30號,,,
255,臺中市中區民權路151~180號,,,
256,臺中市南區愛國街49巷1~30號,,,
257,臺中市南區崇倫北街61~90號,,,
258,臺中市西屯區福聯街31~60號,,,
259,臺中市龍井區東海街1~30號,,,
260,臺中市大肚區中沙路164巷2弄61~90號,,,
261,臺中市龍井區遠東街133巷1~30號,,,
262,臺中市太平區中山路二段541巷1弄1~30號,,,
263,臺中市太平區大興十一街125巷37弄31~60號,,,
264,臺中市太平區大興二十一街61~90號,,,
265,臺中市龍井區遊園北路421~450號,,,
266,臺中市大肚區沙田路二段132巷3弄61~90號,,,
267,臺中市外埔區水美路仁美巷1弄1~30號,,,
268,臺中市豐原區成功路214巷1~30號,,,
269,臺中市北區錦南街1~30號,,,
270,臺中市西區民權路217巷1~30號,,,
271,臺中市北屯區雷中街112巷28弄1~30號,,,
272,臺中市北屯區文昌東八街1~30號,,,
273,臺中市北區美德街331~360號,,,
274,臺中市北屯區文心路三段445巷1~30號,,,
275,臺中市北區中華路二段91~120號,,,
276,臺中市北區進化北路241~270號,,,
277,臺中市南屯區東興路二段211~240號,,,
278,臺中市西屯區寧漢街61~90號,,,
279,臺中市南屯區大墩十一街301~330號,,,
280,臺中市西屯區福雅路151~180號,,,
281,臺中市南屯區黎明路二段421~450號,,,
282,臺中市西屯區四川路87巷61~90號,,,
283,臺中市南屯區大英西二街61~90號,,,
284,臺中市梧棲區民和東街31~60號,,,
285,臺中市潭子區中山路一段1巷56弄1~30號,,,
286,臺中市潭子區勝利路241~270號,,,
287,臺中市大雅區學府路76巷31~60號,,,
288,臺中市大雅區神林南路115巷61~90號,,,
289,臺中市外埔區中山路211~240號,,,
290,臺中市神岡區神洲路86巷1~30號,,,
291,臺中市豐原區圓環北路二段223巷1~30號,,,
292,臺中市后里區四月路36巷25弄1~30號,,,
293,臺中市豐原區中正路75巷1~30號,,,
294,臺中市豐原區成功路356巷31~60號,,,
295,臺中市豐原區源豐路121~150號,,,
296,臺中市豐原區社皮路123巷11弄1~30號,,,
297,臺中市豐原區愛國街97巷1~30號,,,
298,臺中市潭子區榮興街83巷26弄1~30號,,,
299,臺中市東勢區本街中正三巷1~30號,,,
300,臺中市新社區中和街五段91~120號,,,
301,臺中市沙鹿區六路十四街1~30號,,,
302,臺中市南屯區忠勇路91~120號,,,
303,臺中市西屯區福雅路408巷31~60號,,,
304,臺中市西屯區惠中路61~90號,,,
305,臺中市北區漢口路四段61~90號,,,
306,臺中市北屯區同平巷1~30號,,,
307,臺中市北屯區東山路一段31~60號,,,
308,臺中市北屯區水景街39巷1~30號,,,
309,臺中市北屯區瀋陽路二段151~180號,,,
310,臺中市北區柳川西路四段31~60號,,,
311,臺中市北屯區東光路892巷1~30號,,,
312,臺中市北區文武街5巷1~30號,,,
313,臺中市北屯區大連西路56巷31~60號,,,
314,臺中市東區旱溪東路一段1~30號,,,
315,臺中市南區興大路370巷1~30號,,,
316,臺中市西區精誠十四街1~30號,,,
317,臺中市東區建成路336巷15弄1~30號,,,
318,臺中市西區民權路181~210號,,,
319,臺中市西區民生路181~210號,,,
320,臺中市西區美村路一段236巷31~60號,,,
321,臺中市西區民權路211~240號,,,
322,臺中市西屯區福聯街15巷1~30號,,,
323,臺中市大里區塗城路691~720號,,,
324,臺中市大肚區大明四街103巷1~30號,,,
325,臺中市大肚區遊園路二段79巷61~90號,,,
326,臺中市太平區宜信街31~60號,,,
327,臺中市太平區長安十一街1~30號,,,
328,臺中市太平區鵬儀路50巷1~30號,,,
329,臺中市太平區臺中市太平區光興路91巷31~60號,,,
330,臺中市北區梅亭街391~420號,,,
331,臺中市東區大智路193巷1~30號,,,
332,臺中市西區模範街9巷1~30號,,,
333,臺中市南區忠明南路1111~1140號,,,
334,臺中市南區工學北路121~150號,,,
335,臺中市西區三民路一段50巷1~30號,,,
336,臺中市西區三民路一段50巷1~30號,,,
337,臺中市南區復興北路511~540號,,,
338,臺中市南區美村南路61~90號,,,
339,臺中市南區三民西路216巷1~30號,,,
340,臺中市北區青島一街1~30號,,,
341,臺中市北區雙十路一段91~120號,,,
342,臺中市北區太原路二段181~210號,,,
343,臺中市北區進化北路241~270號,,,
344,臺中市北區文心路四段181~210號,,,
345,臺中市北區東光東街61~90號,,,
346,臺中市北區中清路一段301~330號,,,
347,臺中市北區崇德路一段133巷1~30號,,,
348,臺中市南屯區黎明路二段121~150號,,,
349,臺中市西屯區至善路241~270號,,,
350,臺中市西屯區惠中路100巷1~30號,,,
351,臺中市南屯區干城街211~240號,,,
352,臺中市西屯區臺灣大道四段691~720號,,,
353,臺中市西屯區福聯街15巷1~30號,,,
354,臺中市西屯區福聯街15巷1~30號,,,
355,臺中市西屯區中清路二段1250巷1~30號,,,
356,臺中市沙鹿區星美東街1~30號,,,
357,臺中市大里區合信街2巷1~30號,,,
358,臺中市大里區美群路176巷1~30號,,,
359,臺中市大甲區青一路11巷31~60號,,,
360,臺中市豐原區圓環東路591巷1~30號,,,
361,臺中市豐原區永康路241~270號,,,
362,臺中市豐原區南陽路184巷10弄1~30號,,,
363,臺中市豐原區田心路二段211~240號,,,
364,臺中市豐原區豐東路168巷61~90號,,,
365,臺中市大甲區玉田91~120號,,,
366,臺中市大里區福大北路67巷1~30號,,,
367,臺中市大里區塗城路784巷8弄1~30號,,,
368,臺中市大里區中興路一段306巷1~30號,,,
369,臺中市西屯區中清路二段1250巷91~120號,,,
370,臺中市西屯區文華路正煌巷1~30號,,,
371,臺中市西屯區甘肅路一段1~30號,,,
372,臺中市西屯區四川東街89巷1~30號,,,
373,臺中市西屯區福強街121~150號,,,
374,臺中市西屯區福聯街22巷1~30號,,,
375,臺中市南屯區干城街200巷31~60號,,,
376,臺中市西屯區櫻城二街1~30號,,,
377,臺中市北區益華街121~150號,,,
378,臺中市北屯區東山路一段37巷7弄1~30號,,,
379,臺中市北區北平一街1~30號,,,
380,臺中市北屯區北屯路56巷91~120號,,,
381,臺中市北屯區文昌東五街2巷1~30號,,,
382,臺中市北屯區文心路四段631~660號,,,
383,臺中市北區美德街347巷1~30號,,,
384,臺中市北區漢口路四段91~120號,,,
385,臺中市北區英才路361~390號,,,
386,臺中市北區國豐街70巷1~30號,,,
387,臺中市北區育德路131巷1~30號,,,
388,臺中市北區育祥街31~60號,,,
389,臺中市北區國強街24巷1~30號,,,
390,臺中市西區三民路一段50巷1~30號,,,
391,臺中市南區大慶街一段257之3巷1~30號,,,
392,臺中市南區工學路146巷1~30號,,,
393,臺中市南區五權南一路61~90號,,,
394,臺中市東區立德街31~60號,,,
395,臺中市南區美和街91~120號,,,
396,臺中市東區建勇街1~30號,,,
397,臺中市中區大誠街39巷2之1~30號,,,
398,臺中市西區大忠南街92巷1~30號,,,
399,臺中市太平區東村十二街31巷6弄1~30號,,,
400,臺中市太平區中山路二段541巷1弄1~30號,,,
401,臺中市太平區大興十六街96巷1~30號,,,
402,臺中市太平區太平十五街7巷1~30號,,,
403,臺中市龍井區藝術街61巷1~30號,,,
404,臺中市大肚區自由路222巷1~30號,,,
405,臺中市霧峰區草湖路91~120號,,,
406,臺中市北區梅川東路三段151~180號,,,
407,臺中市中區民權路151~180號,,,
408,臺中市南區德富路271~300號,,,
409,臺中市南區學府路168巷1~30號,,,
410,臺中市西區長春街25巷1~30號,,,
411,臺中市西區中美街91~120號,,,
412,臺中市南區永南街61~90號,,,
413,臺中市北區國強街132巷1~30號,,,
414,臺中市北區漢口路四段1~30號,,,
415,臺中市北屯區熱河路二段181~210號,,,
416,臺中市北屯區興安路二段31~60號,,,
417,臺中市西屯區臺灣大道三段61~90號,,,
418,臺中市西屯區忠義街61~90號,,,
419,臺中市西屯區福星路151~180號,,,
420,臺中市西屯區大有二街1~30號,,,
421,臺中市南屯區惠心街12巷1~30號,,,
422,臺中市南屯區永春路1~30號,,,
423,臺中市沙鹿區保安路55巷1~30號,,,
424,臺中市東勢區東蘭路181~210號,,,
425,臺中市霧峰區四德路241~270號,,,
426,臺中市大雅區中山一路17巷1~30號,,,
427,臺中市大雅區中山路185巷1~30號,,,
428,臺中市大雅區民生路四段139巷31~60號,,,
429,臺中市南屯區東興西街1~30號,,,
430,臺中市大甲區中山路一段1135巷1~30號,,,
431,臺中市豐原區向陽路31~60號,,,
432,臺中市豐原區水源路611巷24弄1~30號,,,
433,臺中市豐原區圓環北路二段223巷1~30號,,,
434,臺中市大甲區中華街151~180號,,,
435,臺中市霧峰區吉峰路116巷1~30號,,,
436,臺中市大里區塗城路109巷26弄1~30號,,,
437,臺中市大里區永興路99巷1~30號,,,
438,臺中市大甲區中山路二段923巷1~30號,,,
439,臺中市梧棲區大仁路二段311巷31~60號,,,
440,臺中市沙鹿區福幼街1~30號,,,
441,臺中市清水區中山路37巷1~30號,,,
442,臺中市西屯區黎明路三段301~330號,,,
443,臺中市西屯區西屯路二段249之9巷1弄1~30號,,,
444,臺中市西屯區西屯路二段268之8巷1~30號,,,
445,臺中市西屯區華夏巷西四弄61~90號,,,
446,臺中市北區中華路二段112巷1~30號,,,
447,臺中市北屯區松和街137巷1~30號,,,
448,臺中市北區德化街31~60號,,,
449,臺中市北區學士路196巷1~30號,,,
450,臺中市北區北興街151~180號,,,
451,臺中市北區太原路二段31~60號,,,
452,臺中市北區中山路391~420號,,,
453,臺中市北屯區瀋陽路三段361~390號,,,
454,臺中市北屯區平德路31~60號,,,
455,臺中市北區五常街361~390號,,,
456,臺中市北屯區松和街61~90號,,,
457,臺中市西區模範街34巷1~30號,,,
458,臺中市西區模範街40巷1~30號,,,
459,臺中市南區南和一街11巷1~30號,,,
460,臺中市西區五權一街1~30號,,,
461,臺中市南區福中街31~60號,,,
462,臺中市西區模範街40巷1~30號,,,
463,臺中市西屯區工業區一路58巷11弄1~30號,,,
464,臺中市龍井區遠東街100巷1~30號,,,
465,臺中市太平區興隆路1~30號,,,
466,臺中市龍井區新興路31~60號,,,
467,臺中市南區崇倫街66巷1~30號,,,
468,臺中市南區復興北路511~540號,,,
469,臺中市西區五權西六街61~90號,,,
470,臺中市東區自強街29巷1~30號,,,
471,臺中市西區大業路1~30號,,,
472,臺中市北區北平一街1~30號,,,
473,臺中市北區青島西街31~60號,,,
474,臺中市北區中清路一段601~630號,,,
475,臺中市北區三民路三段181~210號,,,
476,臺中市北屯區中清路二段1250巷130弄31~60號,,,
477,臺中市北屯區平德路103巷31~60號,,,
478,臺中市北屯區東山路二段250巷14弄1~30號,,,
479,臺中市北屯區陳平路11巷1~30號,,,
480,臺中市北區大德街63巷1~30號,,,
481,臺中市北區德化街1~30號,,,
482,臺中市北屯區綏遠路二段61~90號,,,
483,臺中市北屯區綏遠路二段61~90號,,,
484,臺中市北區五常街361~390號,,,
485,臺中市南屯區嶺東路901~930號,,,
486,臺中市南屯區大墩路871~900號,,,
487,臺中市西屯區工業區一路91~120號,,,
488,臺中市西屯區福上巷龍欣一弄1~30號,,,
489,臺中市西屯區河南路二段301巷1~30號,,,
490,臺中市西屯區崇義街1~30號,,,
491,臺中市霧峰區五福路468巷1~30號,,,
492,臺中市霧峰區四德路296巷11弄1~30號,,,
493,臺中市烏日區信義街193巷31~60號,,,
494,臺中市潭子區祥和路185巷1~30號,,,
495,臺中市大雅區中山北路117巷1~30號,,,
496,臺中市大雅區前村路44巷8弄1~30號,,,
497,臺中市南屯區寶山六街1~30號,,,
498,臺中市豐原區同安街27巷1~30號,,,
499,臺中市豐原區圓環南路1~30號,,,
500,臺中市豐原區永康路211巷25弄31~60號,,,
501,臺中市豐原區榮春街156巷1~30號,,,
502,臺中市潭子區潭興路一段17巷1~30號,,,
503,臺中市大里區大里街7巷16弄1~30號,,,
504,臺中市南屯區大墩六街1~30號,,,
505,臺中市西屯區青海路二段241~270號,,,
506,臺中市西屯區福強街121~150號,,,
507,臺中市西屯區福強街121~150號,,,
508,臺中市北區國豐街31~60號,,,
509,臺中市北屯區中清路二段415巷1~30號,,,
510,臺中市北區健行路86巷7弄1~30號,,,
511,臺中市北屯區東山路二段250巷6弄31~60號,,,
512,臺中市北屯區北屯路240巷91~120號,,,
513,臺中市北屯區南京東路三段52巷1~30號,,,
514,臺中市北區中清路一段279巷1~30號,,,
515,臺中市北區健行路421~450號,,,
516,臺中市北區進化北路301~330號,,,
517,臺中市北區一中街91~120號,,,
518,臺中市中區民權路151~180號,,,
519,臺中市南區仁義街9巷1~30號,,,
520,臺中市南區合作街388巷1~30號,,,
521,臺中市西區五權西六街121~150號,,,
522,臺中市南區明德街35巷1~30號,,,
523,臺中市東區進德路20巷1~30號,,,
524,臺中市東區建中街21巷2弄1~30號,,,
525,臺中市西區三民路一段50巷1~30號,,,
526,臺中市南區忠明南路580巷1~30號,,,
527,臺中市南屯區干城街198巷31~60號,,,
528,臺中市沙鹿區臺灣大道七段432巷66弄31~60號,,,
529,臺中市龍井區遠東街121~150號,,,
530,臺中市太平區太平一街121~150號,,,
531,臺中市太平區廣三街61~90號,,,
532,臺中市太平區新吉路5巷1~30號,,,
533,臺中市龍井區藝術南街31~60號,,,
534,臺中市大安區龜?E里中山南路740巷1~30號,,,
535,臺中市石岡區豐勢路77巷1~30號,,,
536,臺中市北區榮華街151~180號,,,
537,臺中市西區美村路一段102巷2弄1~30號,,,
538,臺中市中區公園路91~120號,,,
539,臺中市西區精誠三街31~60號,,,
540,臺中市西區精誠二十二街1~30號,,,
541,臺中市東區南京東路一段331~360號,,,
542,臺中市西區模範街18巷1~30號,,,
543,臺中市北屯區中清路二段552巷1~30號,,,
544,臺中市北屯區安順東十街16巷1~30號,,,
545,臺中市北屯區中清路二段280巷25弄31~60號,,,
546,臺中市北區太平路91~120號,,,
547,臺中市北區北屯路31~60號,,,
548,臺中市北區英才路306巷1~30號,,,
549,臺中市北屯區北興街31~60號,,,
550,臺中市北屯區松竹路二段86巷28弄1~30號,,,
551,臺中市北區進化北路301~330號,,,
552,臺中市北屯區國強街186巷1~30號,,,
553,臺中市北屯區松義街181~210號,,,
554,臺中市北區東光東街61~90號,,,
555,臺中市北區德化街271~300號,,,
556,臺中市北區漢口路四段1~30號,,,
557,臺中市西屯區甘肅路一段61~90號,,,
558,臺中市西屯區至善路61~90號,,,
559,臺中市西屯區文心路三段1~30號,,,
560,臺中市西屯區漢口路二段121~150號,,,
561,臺中市西屯區崇義街1~30號,,,
562,臺中市西屯區文心路二段541~570號,,,
563,臺中市西屯區福順路121~150號,,,
564,臺中市西屯區臺灣大道二段871~900號,,,
565,臺中市西屯區甘肅路一段1~30號,,,
566,臺中市西屯區至善路211~240號,,,
567,臺中市大甲區經國路901~930號,,,
568,臺中市豐原區富春街73巷1~30號,,,
569,臺中市豐原區大明路196巷13弄1~30號,,,
570,臺中市神岡區北庄路31~60號,,,
571,臺中市豐原區自強南街271~300號,,,
572,臺中市豐原區向陽路31~60號,,,
573,臺中市后里區復興街31~60號,,,
574,臺中市神岡區成都路91~120號,,,
575,臺中市豐原區三村路30巷1弄31~60號,,,
576,臺中市西屯區西屯路三段141巷1~30號,,,
577,臺中市南屯區文心路一段211~240號,,,
578,臺中市西屯區寧夏路121~150號,,,
579,臺中市西屯區文心路三段301~330號,,,
580,臺中市北區富強街61~90號,,,
581,臺中市北屯區昌平路一段21巷1~30號,,,
582,臺中市北屯區瀋陽路二段151~180號,,,
583,臺中市北區一中街1~30號,,,
584,臺中市北區漢口路四段31~60號,,,
585,臺中市北區武漢街61~90號,,,
586,臺中市北區大德街82巷1~30號,,,
587,臺中市北屯區安順東十街16巷1~30號,,,
588,臺中市北區西屯路一段331~360號,,,
589,臺中市北屯區天津路四段301~330號,,,
590,臺中市中區大誠街39巷2之1~30號,,,
591,臺中市中區民族路181~210號,,,
592,臺中市大肚區臺中市大肚區中沙路164巷2弄91~120號,,,
593,臺中市大肚區中沙路164巷4弄61~90號,,,
594,臺中市太平區中山路二段107巷1~30號,,,
595,臺中市大里區鳳凰路182巷1~30號,,,
596,臺中市太平區正光街197巷1~30號,,,
597,臺中市太平區大源二十六街1~30號,,,
598,臺中市西屯區中清西二街92巷16弄1~30號,,,
599,臺中市南區臺中路146巷1~30號,,,
600,臺中市南區福中街40巷1~30號,,,
601,臺中市南區美村南路61~90號,,,
602,臺中市西區仁福街1~30號,,,
603,臺中市東區東英路410巷1~30號,,,
604,臺中市中區公園路31~60號,,,
605,臺中市北區太平路181~210號,,,
606,臺中市北區五常街361~390號,,,
607,臺中市北屯區北屯路181~210號,,,
608,臺中市北區健行路85巷1~30號,,,
609,臺中市北屯區北華街78巷1~30號,,,
610,臺中市北區太平路141巷31~60號,,,
611,臺中市北屯區遼寧路一段51巷1~30號,,,
612,臺中市北屯區東光路892巷1~30號,,,
613,臺中市北區德化街130巷1~30號,,,
614,臺中市北區進化北路241~270號,,,
615,臺中市北區華興街117巷1~30號,,,
616,臺中市北屯區昌平路二段10巷72弄61~90號,,,
617,臺中市北區青島路一段61巷1~30號,,,
618,臺中市北區德化街130巷1~30號,,,
619,臺中市北區三民路三段315巷1~30號,,,
620,臺中市北屯區東山路一段241~270號,,,
621,臺中市北屯區太原路三段421~450號,,,
622,臺中市南屯區大墩路691~720號,,,
623,臺中市南屯區寶山東二街19巷1~30號,,,
624,臺中市南屯區永春東路991~1020號,,,
625,臺中市西屯區工業區三十八路40巷1~30號,,,
626,臺中市西屯區西屯路三段151~180號,,,
627,臺中市沙鹿區臺灣大道七段432巷66弄61~90號,,,
628,臺中市大雅區民族街222巷1~30號,,,
629,臺中市潭子區大富路一段3巷14弄1~30號,,,
630,臺中市西屯區逢甲路20巷45弄1~30號,,,
631,臺中市西屯區精明路54巷1~30號,,,
632,臺中市西屯區福瑞街66巷1~30號,,,
633,臺中市西屯區西屯路二段249之9巷3弄1~30號,,,
634,臺中市西屯區洛陽路123之1~30號,,,
635,臺中市大甲區新美街41巷1~30號,,,
636,臺中市后里區甲后路三段295巷1弄1~30號,,,
637,臺中市豐原區三豐路二段89巷31~60號,,,
638,臺中市豐原區中正路695巷1~30號,,,
639,臺中市豐原區自強街26巷1~30號,,,
640,臺中市豐原區博愛街310巷1~30號,,,
641,臺中市神岡區成都路106巷1~30號,,,
642,臺中市西屯區大進街691~720號,,,
643,臺中市南屯區大墩五街61~90號,,,
644,臺中市大里區成功二路120巷31~60號,,,
645,臺中市梧棲區四維中路241~270號,,,
646,臺中市沙鹿區臺灣大道七段121~150號,,,
647,臺中市大甲區光明路10巷1~30號,,,
648,臺中市北區文化街31~60號,,,
649,臺中市北區賴厝街61~90號,,,
650,臺中市北屯區國強街218巷1~30號,,,
651,臺中市北屯區中清路二段333巷8弄1~30號,,,
652,臺中市北區忠太東路87巷1~30號,,,
653,臺中市北屯區松竹路二段300巷7弄1~30號,,,
654,臺中市北區中清路一段301~330號,,,
655,臺中市北區華興街117巷1~30號,,,
656,臺中市南區忠明南路1111~1140號,,,
657,臺中市西區五權路22巷1~30號,,,
658,臺中市南區學府路168巷1~30號,,,
659,臺中市西區三民路一段50巷1~30號,,,
660,臺中市南區復興路三段2巷1弄1~30號,,,
661,臺中市北區中清路一段811~840號,,,
662,臺中市太平區長億二街15巷1~30號,,,
663,臺中市大里區樹王路361~390號,,,
664,臺中市太平區大興十一街125巷31~60號,,,
665,臺中市太平區宜昌東路3巷1~30號,,,
666,臺中市北區太原二街31~60號,,,
667,臺中市南屯區黎明路二段421~450號,,,
668,臺中市西區福人街121~150號,,,
669,臺中市南區美村南路61~90號,,,
670,臺中市西區三民路一段50巷1~30號,,,
671,臺中市南區信義南街121~150號,,,
672,臺中市中區吉祥街1~30號,,,
673,臺中市北區益華街121~150號,,,
674,臺中市北屯區文心路四段661~690號,,,
675,臺中市北屯區中清路二段1250巷146弄31~60號,,,
676,臺中市北區華興街61~90號,,,
677,臺中市北區永興街176巷1~30號,,,
678,臺中市北屯區旱溪西路三段300巷31~60號,,,
679,臺中市北屯區太原路三段243巷1~30號,,,
680,臺中市北屯區興安路一段321巷31~60號,,,
681,臺中市北區東光東街61~90號,,,
682,臺中市北區漢口路四段1~30號,,,
683,臺中市北區民權路359巷10弄1~30號,,,
684,臺中市北屯區天津路四段301~330號,,,
685,臺中市北屯區漢口路五段71巷1~30號,,,
686,臺中市北區東光東街61~90號,,,
687,臺中市北區漢口路四段1~30號,,,
688,臺中市北屯區北屯路421~450號,,,
689,臺中市清水區?i榔里3鄰中央路41巷1~30號,,,
690,臺中市沙鹿區晉武路35巷1~30號,,,
691,臺中市霧峰區民生路151~180號,,,
692,臺中市霧峰區林森路361~390號,,,
693,臺中市大雅區通山路31~60號,,,
694,臺中市西屯區國安一路121~150號,,,
695,臺中市西屯區何厝東二街91~120號,,,
696,臺中市南屯區黎明路二段71巷61~90號,,,
697,臺中市豐原區永康路241~270號,,,
698,臺中市豐原區中山路185巷1~30號,,,
699,臺中市豐原區鐮村一街30巷1~30號,,,
700,臺中市豐原區鐮村路683巷1~30號,,,
701,臺中市大甲區永順街120巷1~30號,,,
702,臺中市西屯區河南路二段74巷3弄1~30號,,,
703,臺中市西屯區黎明路三段301~330號,,,
704,臺中市大雅區雅楓街99巷3弄1~30號,,,
705,臺中市東勢區上城街436巷61~90號,,,
706,臺中市大雅區神林南路272巷31~60號,,,
707,臺中市潭子區中山路一段7巷1~30號,,,
708,臺中市清水區南華路367巷1~30號,,,
709,臺中市沙鹿區中山路121~150號,,,
710,臺中市西屯區青海路二段361~390號,,,
711,臺中市西屯區逢甲路301~330號,,,
712,臺中市西屯區西屯路二段268之8巷1~30號,,,
713,臺中市南屯區忠勇路31~60號,,,
714,臺中市南屯區河南路四段690巷1~30號,,,
715,臺中市西屯區中康街181~210號,,,
716,臺中市西屯區至善路101巷1~30號,,,
717,臺中市北區西屯路一段331~360號,,,
718,臺中市北屯區瀋陽路二段151~180號,,,
719,臺中市北區陝西東四街1~30號,,,
720,臺中市北屯區松和街91~120號,,,
721,臺中市北區大德街91~120號,,,
722,臺中市北屯區安順東九街61~90號,,,
723,臺中市北屯區太原路三段139巷1~30號,,,
724,臺中市北屯區九龍街78巷1~30號,,,
725,臺中市北區忠明路543巷1~30號,,,
726,臺中市北區民權路422巷9弄1~30號,,,
727,臺中市北區三民路三段241~270號,,,
728,臺中市北區天祥街61~90號,,,
729,臺中市北區健行路518巷32弄1~30號,,,
730,臺中市北區青島路一段1~30號,,,
731,臺中市北區雙十路二段21巷1~30號,,,
732,臺中市南區學府路135巷1~30號,,,
733,臺中市中區民族路151~180號,,,
734,臺中市東區東光路204之3巷1~30號,,,
735,臺中市南區合作街151~180號,,,
736,臺中市南區高工路241~270號,,,
737,臺中市西區向上路一段241~270號,,,
738,臺中市東區進化路151~180號,,,
739,臺中市西區篤行路181~210號,,,
740,臺中市大里區新仁路三段108巷1~30號,,,
741,臺中市大里區塗城路901~930號,,,
742,臺中市龍井區遠東街169巷1~30號,,,
743,臺中市大肚區沙田路二段132巷5弄1~30號,,,
744,臺中市大里區塗城路507巷1弄1~30號,,,
745,臺中市大里區公教街151~180號,,,
746,臺中市霧峰區豐正路455巷1~30號,,,
747,臺中市太平區中山路二段100巷31~60號,,,
748,臺中市太平區大源二十九街1~30號,,,
749,臺中市太平區太平六街1~30號,,,
750,臺中市龍井區遠東街181~210號,,,
751,臺中市龍井區藝術街39巷1~30號,,,
752,臺中市西屯區天水東街31~60號,,,
753,臺中市大肚區中沙路164巷3弄61~90號,,,
754,臺中市龍井區遊園北路424巷1~30號,,,
755,臺中市南區學府路135巷2弄1~30號,,,
756,臺中市北屯區瀋陽路一段61~90號,,,
757,臺中市北屯區文心路四段811~840號,,,
758,臺中市北屯區平德路41巷1~30號,,,
759,臺中市北屯區橫坑巷1~30號,,,
760,臺中市北屯區崇德六路一段151巷10弄1~30號,,,
761,臺中市北區榮華街61~90號,,,
762,臺中市北區篤行路358之1巷31~60號,,,
763,臺中市北區中清路一段601~630號,,,
764,臺中市北區博館一街1~30號,,,
765,臺中市北屯區中清路二段415巷61~90號,,,
766,臺中市霧峰區峰生巷3弄1~30號,,,
767,臺中市潭子區勝利九街31~60號,,,
768,臺中市潭子區大富路一段3巷14弄1~30號,,,
769,臺中市大雅區中清路四段860巷31~60號,,,
770,臺中市大雅區中清路三段997巷1~30號,,,
771,臺中市潭子區得福街113巷1~30號,,,
772,臺中市西屯區西安街47巷1~30號,,,
773,臺中市西屯區甘肅路一段1~30號,,,
774,臺中市南屯區黎明路一段148巷31~60號,,,
775,臺中市西屯區臺灣大道二段777巷1弄1~30號,,,
776,臺中市南屯區大聖街38巷1~30號,,,
777,臺中市豐原區自強街31~60號,,,
778,臺中市豐原區南陽路301巷24弄1~30號,,,
779,臺中市豐原區葫蘆墩一街271~300號,,,
780,臺中市神岡區中山路497巷1~30號,,,
781,臺中市豐原區向陽路31~60號,,,
782,臺中市豐原區圓環東路691~720號,,,
783,臺中市大雅區中山北路121~150號,,,
784,臺中市霧峰區育德路26巷61~90號,,,
785,臺中市東勢區東蘭路71巷1~30號,,,
786,臺中市大甲區經國路751~780號,,,
787,臺中市外埔區水美路285巷91~120號,,,
788,臺中市西屯區烈美街55巷1~30號,,,
789,臺中市西屯區文心路三段1~30號,,,
790,臺中市南屯區大墩一街211~240號,,,
791,臺中市北區東成路47巷1~30號,,,
792,臺中市北區梅亭街181~210號,,,
793,臺中市北區漢口路四段361~390號,,,
794,臺中市北區中清路一段391~420號,,,
795,臺中市北區國強街48巷1~30號,,,
796,臺中市北屯區松順一街91~120號,,,
797,臺中市西區大忠南街1~30號,,,
798,臺中市南區學府路168巷1~30號,,,
799,臺中市龍井區龍社路31巷1~30號,,,
800,臺中市大肚區大德四街19巷1~30號,,,
801,臺中市太平區新平路三段202巷1~30號,,,
802,臺中市大里區新仁六街131巷1~30號,,,
803,臺中市霧峰區中正路151~180號,,,
804,臺中市龍井區遠東街179巷1~30號,,,
805,臺中市清水區鰲峰路385巷1~30號,,,
806,臺中市北屯區文心路四段871~900號,,,
807,臺中市西區公益路174巷181~210號,,,
808,臺中市西區三民路一段50巷1~30號,,,
809,臺中市南區學府路135巷1~30號,,,
810,臺中市南區復興路二段91~120號,,,
811,臺中市北區雙十路二段91~120號,,,
812,臺中市北區雙十路二段91~120號,,,
813,臺中市北區雙十路二段91~120號,,,
814,臺中市北區國強街119巷1~30號,,,
815,臺中市北區健行路86巷7弄1~30號,,,
816,臺中市北屯區仁友巷31~60號,,,
817,臺中市北區雙十路二段91~120號,,,
818,臺中市北區永興街271~300號,,,
819,臺中市北區永定一街31~60號,,,
820,臺中市北區崇德路一段121~150號,,,
821,臺中市北區漢口路四段361~390號,,,
822,臺中市北屯區大連北街46巷1~30號,,,
823,臺中市北屯區梅川東路四段121~150號,,,
824,臺中市北屯區中清路二段571~600號,,,
825,臺中市北區英才路262巷1~30號,,,
826,臺中市北屯區天津路四段301~330號,,,
827,臺中市北屯區軍和街41巷29弄1~30號,,,
828,臺中市北屯區景美巷1~30號,,,
829,臺中市西屯區文華路91~120號,,,
830,臺中市西屯區福科路391~420號,,,
831,臺中市梧棲區文明街66巷31~60號,,,
832,臺中市梧棲區文明街66巷31~60號,,,
833,臺中市梧棲區文明街66巷31~60號,,,
834,臺中市梧棲區文明街91巷31~60號,,,
835,臺中市潭子區中興路31~60號,,,
836,臺中市潭子區中山路一段386巷12弄1~30號,,,
837,臺中市潭子區雅豐街58巷1~30號,,,
838,臺中市潭子區大通街73巷1~30號,,,
839,臺中市西屯區福瑞街27巷1~30號,,,
840,臺中市西屯區寶慶街30巷1~30號,,,
841,臺中市南屯區東興路二段250巷2弄1~30號,,,
842,臺中市西屯區西屯路二段271~300號,,,
843,臺中市豐原區中正路695巷1~30號,,,
844,臺中市豐原區大仁街1~30號,,,
845,臺中市神岡區大漢街31~60號,,,
846,臺中市外埔區山美路451巷61~90號,,,
847,臺中市西屯區西屯路二段上石北3巷1~30號,,,
848,臺中市南屯區嶺東路901~930號,,,
849,臺中市西屯區西屯路二段268之8巷1~30號,,,
850,臺中市西屯區青海路二段361~390號,,,
851,臺中市南屯區永春東路241~270號,,,
852,臺中市西屯區福上巷214弄31~60號,,,
853,臺中市潭子區勝利路91~120號,,,
854,臺中市梧棲區自強一街114巷1~30號,,,
855,臺中市北屯區敦化路一段450巷1~30號,,,
856,臺中市北區崇德路一段151~180號,,,
857,臺中市北區大德街121~150號,,,
858,臺中市北屯區松竹路二段337巷1~30號,,,
859,臺中市北屯區安順東二街1~30號,,,
860,臺中市北區漢口路四段1~30號,,,
861,臺中市北區山西路二段23巷1~30號,,,
862,臺中市北屯區北屯路391~420號,,,
863,臺中市北區美德街347巷1~30號,,,
864,臺中市北屯區昌平路二段50之6巷1~30號,,,
865,臺中市中區公園路2之1~30號,,,
866,臺中市南區崇倫街50巷1~30號,,,
867,臺中市南區德吉街301~330號,,,
868,臺中市中區公園路2之1~30號,,,
869,臺中市南區興大路350巷1~30號,,,
870,臺中市西區自立街1~30號,,,
871,臺中市西屯區工業區一路58巷11弄1~30號,,,
872,臺中市南屯區向上路三段61~90號,,,
873,臺中市西屯區福聯街22巷1~30號,,,
874,臺中市南區仁義街61~90號,,,
875,臺中市南區仁義街61~90號,,,
876,臺中市龍井區藝術街39巷1~30號,,,
877,臺中市太平區大興十一街125巷37弄1~30號,,,
878,臺中市太平區光興路1343巷58弄1~30號,,,
879,臺中市太平區新民路1~30號,,,
880,臺中市太平區長億四街31巷1~30號,,,
881,臺中市太平區中山路二段541巷5弄1~30號,,,
882,臺中市霧峰區中正路146巷56弄1~30號,,,
883,臺中市西屯區福聯街15巷1~30號,,,
884,臺中市西區民族路331~360號,,,
885,臺中市東區自強街一巷1~30號,,,
886,臺中市南區學府路211~240號,,,
887,臺中市西區民族路331~360號,,,
888,臺中市西區精誠21街1~30號,,,
889,臺中市西區日新街1~30號,,,
890,臺中市南區美村南路303巷9弄1~30號,,,
891,臺中市北屯區軍和街301~330號,,,
892,臺中市北區華美街二段61~90號,,,
893,臺中市北區國強街24巷1~30號,,,
894,臺中市北區梅亭東街31~60號,,,
895,臺中市北屯區安順四街1~30號,,,
896,臺中市北區陝西路91~120號,,,
897,臺中市大甲區青二路5巷1~30號,,,
898,臺中市潭子區大通街131巷1~30號,,,
899,臺中市潭子區中山路一段121~150號,,,
900,臺中市西屯區國安一路121~150號,,,
901,臺中市西屯區福瑞街121~150號,,,
902,臺中市西屯區順和九街121~150號,,,
903,臺中市西屯區逢甲路75巷1~30號,,,
904,臺中市南屯區三和街121~150號,,,
905,臺中市西屯區國安一路121~150號,,,
906,臺中市西屯區甘肅路一段1~30號,,,
907,臺中市西屯區福中七街31~60號,,,
908,臺中市豐原區中正路695巷1~30號,,,
909,臺中市后里區民生路320巷1~30號,,,
910,臺中市豐原區成功路131巷1~30號,,,
911,臺中市豐原區中陽路167巷1~30號,,,
912,臺中市豐原區圓環北路二段223巷31~60號,,,
913,臺中市豐原區新生北路181~210號,,,
914,臺中市豐原區南陽路59巷61~90號,,,
915,臺中市豐原區豐東路250巷20弄1~30號,,,
916,臺中市外埔區甲后路三段783巷1~30號,,,
917,臺中市西屯區青海路二段301~330號,,,
918,臺中市西屯區臺灣大道二段871~900號,,,
919,臺中市南屯區保安三街91~120號,,,
920,臺中市西屯區西安街277巷25弄1~30號,,,
921,臺中市大雅區學府路101巷14弄1~30號,,,
922,臺中市沙鹿區臺灣大道七段432巷66弄61~90號,,,
923,臺中市大甲區育英路271~300號,,,
924,臺中市北區三民路三段134巷1~30號,,,
925,臺中市北區進化路331~360號,,,
926,臺中市北屯區中清西二街1~30號,,,
927,臺中市北屯區中清路二段280巷28弄1~30號,,,
928,臺中市北屯區崇德六路一段181~210號,,,
929,臺中市北區進化路331~360號,,,
930,臺中市北屯區文心路四段661~690號,,,
931,臺中市北屯區環中東路二段31~60號,,,
932,臺中市南區復興北路541~570號,,,
933,臺中市南區復興路二段91~120號,,,
934,臺中市南區興大路301巷1~30號,,,
935,臺中市南區美村路二段124巷61~90號,,,
936,臺中市西區民權路213巷1~30號,,,
937,臺中市西區三民路一段50巷1~30號,,,
938,臺中市西區英才路589巷1~30號,,,
939,臺中市龍井區藝術街61巷1~30號,,,
940,臺中市龍井區新興路25巷1弄1~30號,,,
941,臺中市太平區大興十一街125巷20弄1~30號,,,
942,臺中市太平區光興路1397巷1弄1~30號,,,
943,臺中市大里區合信街2巷61~90號,,,
944,臺中市太平區中山路一段245巷1~30號,,,
945,臺中市太平區新平路三段346巷25弄1~30號,,,
946,臺中市龍井區遠東街203巷1~30號,,,
947,臺中市龍井區藝術南街31~60號,,,
948,臺中市龍井區新興路51巷1~30號,,,
949,臺中市中區中華路一段91~120號,,,
950,臺中市西區模範街12巷1~30號,,,
951,臺中市西區美村路一段576巷1~30號,,,
952,臺中市東區和平街91~120號,,,
953,臺中市西區華美西街一段181~210號,,,
954,臺中市東區樂業路61~90號,,,
955,臺中市西區五權七街4巷1~30號,,,
956,臺中市北區賴厝街61~90號,,,
957,臺中市北屯區崇德路二段301~330號,,,
958,臺中市北屯區崇德路一段541~570號,,,
959,臺中市北區北平一街1~30號,,,
960,臺中市北區健行路421~450號,,,
961,臺中市北區忠太東路91~120號,,,
962,臺中市北區文昌東二街121~150號,,,
963,臺中市北屯區崇德七路91~120號,,,
964,臺中市北屯區陳平路60巷1~30號,,,
965,臺中市北屯區天津路四段280巷1~30號,,,
966,臺中市北區中清路一段301~330號,,,
967,臺中市北區漢陽街91~120號,,,
968,臺中市北屯區綏遠路二段61~90號,,,
969,臺中市北屯區大連路一段301~330號,,,
970,臺中市北區忠太東路91~120號,,,
971,臺中市北屯區北屯路439之17巷2弄1~30號,,,
972,臺中市清水區公正路151~180號,,,
973,臺中市梧棲區大仁路二段331~360號,,,
974,臺中市沙鹿區南斗路13巷31~60號,,,
975,臺中市潭子區福潭路313巷31~60號,,,
976,臺中市西屯區重慶路91~120號,,,
977,臺中市西屯區河南路二段301~330號,,,
978,臺中市西屯區臺灣大道三段61~90號,,,
979,臺中市西屯區東大路一段391~420號,,,
980,臺中市南屯區嶺東路901~930號,,,
981,臺中市西屯區東大路一段391~420號,,,
982,臺中市西屯區國安一路31~60號,,,
983,臺中市西屯區青海路二段361~390號,,,
984,臺中市豐原區直興街129巷1~30號,,,
985,臺中市豐原區互助街103巷1~30號,,,
986,臺中市南屯區精誠路530巷7弄1~30號,,,
987,臺中市豐原區三村路122巷15弄1~30號,,,
988,臺中市西屯區福上巷214弄31~60號,,,
989,臺中市南屯區大墩十四街151~180號,,,
990,臺中市南屯區大墩十四街151~180號,,,
991,臺中市西屯區廣福路311巷1~30號,,,
992,臺中市南屯區昌明巷61~90號,,,
993,臺中市西屯區至善路121~150號,,,
994,臺中市南屯區大進街631~660號,,,
995,臺中市西屯區西安街130巷1~30號,,,
996,臺中市西屯區洛陽路125巷1~30號,,,
997,臺中市西屯區西屯路三段53巷1~30號,,,
998,臺中市潭子區潭興路二段36巷31~60號,,,
999,臺中市潭子區龍興三莊151~180號,,,
1000,臺中市大雅區月祥路181~210號,,,
1001,臺中市大里區新忠路1~30號,,,
1002,臺中市沙鹿區忠貞路40巷1~30號,,,
1003,臺中市北區太平路91~120號,,,
1004,臺中市北區柳川西路四段1~30號,,,
1005,臺中市北區崇德路一段541~570號,,,
1006,臺中市北屯區崇德六路一段186巷1~30號,,,
1007,臺中市北區太平路181~210號,,,
1008,臺中市北區漢口路四段61~90號,,,
1009,臺中市北屯區雷中街57巷1~30號,,,
1010,臺中市北屯區東光路892巷1~30號,,,
1011,臺中市北屯區崇德路二段271~300號,,,
1012,臺中市北區文昌東一街1~30號,,,
1013,臺中市北區漢口路四段318巷1~30號,,,
1014,臺中市北區青島路一段26巷1~30號,,,
1015,臺中市北區漢陽街31~60號,,,
1016,臺中市北屯區東山路一段140巷2弄61~90號,,,
1017,臺中市南區復興路二段71巷31弄31~60號,,,
1018,臺中市西區公正路210巷31~60號,,,
1019,臺中市西區樂群街181~210號,,,
1020,臺中市西區博館路241~270號,,,
1021,臺中市南區崇倫北街181~210號,,,
1022,臺中市西屯區工業區一路58巷33弄31~60號,,,
1023,臺中市西屯區永福路31~60號,,,
1024,臺中市大肚區遊園路二段203巷3弄31~60號,,,
1025,臺中市大肚區自由路222巷1~30號,,,
1026,臺中市太平區新明街59巷31~60號,,,
1027,臺中市太平區中平路順昌巷77弄1~30號,,,
1028,臺中市大里區立仁路157巷1弄91~120號,,,
1029,臺中市大里區塗城路433巷60弄1~30號,,,
1030,臺中市大里區益民路一段121~150號,,,
1031,臺中市西屯區工業區一路58巷11弄1~30號,,,
1032,臺中市北區漢口路三段55巷1~30號,,,
1033,臺中市北區學士路292巷2弄1~30號,,,
1034,臺中市北區東光東街61~90號,,,
1035,臺中市中區民族路152之1~30號,,,
1036,臺中市西區三民路一段50巷1~30號,,,
1037,臺中市南區學府路181~210號,,,
1038,臺中市南區永和街151~180號,,,
1039,臺中市西區梅川西路一段61~90號,,,
1040,臺中市西區南屯路一段31~60號,,,
1041,臺中市西區臺灣大道二段151~180號,,,
1042,臺中市北區太原五街1~30號,,,
1043,臺中市北區北平路二段1~30號,,,
1044,臺中市北區太原路二段181~210號,,,
1045,臺中市北區三民路三段201巷1~30號,,,
1046,臺中市北屯區僑孝街32巷1~30號,,,
1047,臺中市北屯區衛道路31~60號,,,
1048,臺中市北區三民路三段54巷1~30號,,,
1049,臺中市北區進化路601~630號,,,
1050,臺中市北區育德路189巷1~30號,,,
1051,臺中市北區漢口路四段61~90號,,,
1052,臺中市北屯區中清路二段362巷21弄1~30號,,,
1053,臺中市北區中清路一段880巷6弄1~30號,,,
1054,臺中市北區北平路二段30巷1~30號,,,
1055,臺中市北區梅亭街541~570號,,,
1056,臺中市北區太原路三段31~60號,,,
1057,臺中市大甲區工二路1~30號,,,
1058,臺中市清水區中山路31巷1~30號,,,
1059,臺中市清水區中央路91~120號,,,
1060,臺中市清水區南華路6巷1~30號,,,
1061,臺中市沙鹿區中樂街1~30號,,,
1062,臺中市南屯區大墩四街301~330號,,,
1063,臺中市西屯區華夏巷西5弄31~60號,,,
1064,臺中市南屯區河南路四段151~180號,,,
1065,臺中市西屯區福順路841~870號,,,
1066,臺中市西屯區四川三街1~30號,,,
1067,臺中市西屯區四川三街1~30號,,,
1068,臺中市西屯區大墩路931~960號,,,
1069,臺中市西屯區上明三街1~30號,,,
1070,臺中市西屯區上安路101巷1~30號,,,
1071,臺中市西屯區文華路162巷1~30號,,,
1072,臺中市南屯區大昌街61~90號,,,
1073,臺中市豐原區博愛街60巷1~30號,,,
1074,臺中市豐原區西勢路22巷31~60號,,,
1075,臺中市西屯區大墩路931~960號,,,
1076,臺中市西屯區至善路101巷1~30號,,,
1077,臺中市西屯區大河街31~60號,,,
1078,臺中市西屯區福星路151~180號,,,
1079,臺中市西屯區何安二巷3之2弄1~30號,,,
1080,臺中市西屯區西屯路二段282巷1~30號,,,
1081,臺中市西屯區文心路二段541~570號,,,
1082,臺中市西屯區上石北6巷1~30號,,,
1083,臺中市南屯區永春南路121~150號,,,
1084,臺中市西屯區永福路121~150號,,,
1085,臺中市西屯區臺灣大道四段1230巷1~30號,,,
1086,臺中市南屯區大墩十四街91~120號,,,
1087,臺中市潭子區天寶新村1~30號,,,
1088,臺中市大雅區民族街222巷1~30號,,,
1089,臺中市潭子區雅豐街132巷31~60號,,,
1090,臺中市霧峰區樟公北巷58弄1~30號,,,
1091,臺中市大里區立仁路157巷1弄61~90號,,,
1092,臺中市大里區東榮路55巷62弄1~30號,,,
1093,臺中市大甲區慈德路121巷1~30號,,,
1094,臺中市北區衛道路35巷1弄1~30號,,,
1095,臺中市北區衛道路35巷1弄1~30號,,,
1096,臺中市北屯區旅順路一段91~120號,,,
1097,臺中市北屯區天津路四段301~330號,,,
1098,臺中市北區原子街61~90號,,,
1099,臺中市北區山西路二段31~60號,,,
1100,臺中市北區五常街361~390號,,,
1101,臺中市北屯區大連路一段16巷31~60號,,,
1102,臺中市北區太原路二段222巷1~30號,,,
1103,臺中市北區北興街271~300號,,,
1104,臺中市北屯區大連北街46巷31~60號,,,
1105,臺中市北屯區軍福十三路121~150號,,,
1106,臺中市北區富強街91~120號,,,
1107,臺中市北區進化北路361~390號,,,
1108,臺中市中區公園路31~60號,,,
1109,臺中市中區公園路31~60號,,,
1110,臺中市中區自由路二段9之1~30號,,,
1111,臺中市西區五權路1~30號,,,
1112,臺中市北區東光東街61~90號,,,
1113,臺中市西屯區西屯路二段249之9巷1弄1~30號,,,
1114,臺中市太平區宜欣三街1~30號,,,
1115,臺中市太平區建成街110巷1~30號,,,
1116,臺中市霧峰區復興六街76巷1~30號,,,
1117,臺中市霧峰區四德路255巷61~90號,,,
1118,臺中市豐原區向陽路173巷98弄1~30號,,,
1119,臺中市龍井區新興路51巷1~30號,,,
1120,臺中市龍井區新興路51巷1~30號,,,
1121,臺中市龍井區新興路51巷1~30號,,,
1122,臺中市西區華美街211~240號,,,
1123,臺中市中區民權路151~180號,,,
1124,臺中市中區市府路107巷1~30號,,,
1125,臺中市西區民生路181~210號,,,
1126,臺中市南區南門路59巷1~30號,,,
1127,臺中市西區忠明路74巷1弄1~30號,,,
1128,臺中市北區永興街298巷1~30號,,,
1129,臺中市北屯區雷中街19巷61~90號,,,
1130,臺中市北屯區東光路724巷1~30號,,,
1131,臺中市北區崇德路一段256巷1~30號,,,
1132,臺中市北區英士路91~120號,,,
1133,臺中市北區自強街31~60號,,,
1134,臺中市北區中華路二段91~120號,,,
1135,臺中市沙鹿區臺灣大道七段432巷66弄61~90號,,,
1136,臺中市東勢區慶東街慶成三巷1~30號,,,
1137,臺中市清水區南華路6巷1~30號,,,
1138,臺中市東勢區新盛六街1巷31~60號,,,
1139,臺中市西屯區福上巷211~240號,,,
1140,臺中市西屯區大信街31~60號,,,
1141,臺中市西屯區文心路三段1~30號,,,
1142,臺中市南屯區五權西路二段361~390號,,,
1143,臺中市豐原區瑞興路91~120號,,,
1144,臺中市神岡區豐洲路102巷1~30號,,,
1145,臺中市后里區大圳路511~540號,,,
1146,臺中市豐原區大明路16巷1~30號,,,
1147,臺中市豐原區永康路65巷16弄1~30號,,,
1148,臺中市南屯區大業路211~240號,,,
1149,臺中市西屯區福上巷214弄31~60號,,,
1150,臺中市南屯區建興路1~30號,,,
1151,臺中市西屯區中清路二段1386巷37弄1~30號,,,
1152,臺中市西屯區大墩十七街91~120號,,,
1153,臺中市南屯區河南路四段331~360號,,,
1154,臺中市西屯區逢甲路20巷31~60號,,,
1155,臺中市西屯區西墩南二巷1~30號,,,
1156,臺中市南屯區豐安街151~180號,,,
1157,臺中市大里區中興路二段240巷1~30號,,,
1158,臺中市清水區忠孝路200巷38弄1~30號,,,
1159,臺中市北屯區綏遠路二段241~270號,,,
1160,臺中市北區東光東街61~90號,,,
1161,臺中市北屯區文心路四段661~690號,,,
1162,臺中市北區梅川西路三段39巷1~30號,,,
1163,臺中市北屯區文心路四段661~690號,,,
1164,臺中市北屯區文心路四段661~690號,,,
1165,臺中市北區日進街1~30號,,,
1166,臺中市北區漢口路四段91~120號,,,
1167,臺中市北區館前路31~60號,,,
1168,臺中市北屯區太原路三段243巷1~30號,,,
1169,臺中市北屯區景和街61~90號,,,
1170,臺中市東區大智路192巷1~30號,,,
1171,臺中市西區三民路一段50巷1~30號,,,
1172,臺中市西區樂群街361~390號,,,
1173,臺中市西區美村路一段188巷1~30號,,,
1174,臺中市西區忠仁街121~150號,,,
1175,臺中市東區喬城一街91~120號,,,
1176,臺中市神岡區昌平路五段237巷91~120號,,,
1177,臺中市太平區大源二十六街31~60號,,,
1178,臺中市大里區福德路71巷31~60號,,,
1179,臺中市霧峰區中正路646巷1弄1~30號,,,
1180,臺中市大里區中興路二段747巷48弄1~30號,,,
1181,臺中市南區五權南路278巷1~30號,,,
1182,臺中市南區復興路三段331~360號,,,
1183,臺中市南區平順街121~150號,,,
1184,臺中市北區忠明三街1~30號,,,
1185,臺中市北區青島路一段61巷1~30號,,,
1186,臺中市北屯區安順東十街1~30號,,,
1187,臺中市北區尚德街91~120號,,,
1188,臺中市北屯區柳陽西街97巷1~30號,,,
1189,臺中市北區榮華街61~90號,,,
1190,臺中市北區健行路518巷31~60號,,,
1191,臺中市北屯區旅順路二段301~330號,,,
1192,臺中市大甲區育英路271~300號,,,
1193,臺中市清水區吳厝六街58巷2弄1~30號,,,
1194,臺中市潭子區嘉豐路338巷121~150號,,,
1195,臺中市潭子區大明三路58巷1~30號,,,
1196,臺中市西屯區文華路91~120號,,,
1197,臺中市西屯區國安一路151~180號,,,
1198,臺中市西屯區國安一路151~180號,,,
1199,臺中市南屯區黎明路一段73巷61~90號,,,
1200,臺中市西屯區青海路二段241~270號,,,
1201,臺中市西屯區福聯街15巷1~30號,,,
1202,臺中市西屯區臺灣大道三段61~90號,,,
1203,臺中市西屯區黎明路三段301~330號,,,
1204,臺中市西屯區西屯路二段湳子巷1~30號,,,
1205,臺中市西屯區西屯路二段268之8巷1~30號,,,
1206,臺中市西屯區國安一路31~60號,,,
1207,臺中市神岡區豐洲路102巷1~30號,,,
1208,臺中市豐原區三民路1~30號,,,
1209,臺中市后里區甲后路一段261巷38弄31~60號,,,
1210,臺中市豐原區鎌村路271巷61~90號,,,
1211,臺中市豐原區南陽路301巷1~30號,,,
1212,臺中市西屯區福上巷319弄1~30號,,,
1213,臺中市西屯區至善路151~180號,,,
1214,臺中市西屯區大有西街1~30號,,,
1215,臺中市南屯區河南路四段601~630號,,,
1216,臺中市西屯區西屯路三段141巷1~30號,,,
1217,臺中市潭子區潭興路二段258巷1~30號,,,
1218,臺中市潭子區大通街131巷1~30號,,,
1219,臺中市潭子區得福街91~120號,,,
1220,臺中市沙鹿區中清路六段539巷1~30號,,,
1221,臺中市北屯區瀋陽路三段1~30號,,,
1222,臺中市北區陝西東一街31~60號,,,
1223,臺中市北屯區松竹路二段34巷1~30號,,,
1224,臺中市北區國瑞街1~30號,,,
1225,臺中市北屯區北屯路中映巷21弄1~30號,,,
1226,臺中市北區梅豐街61~90號,,,
1227,臺中市北區瑞祥街1~30號,,,
1228,臺中市北區博館東街1~30號,,,
1229,臺中市北區文昌一街31~60號,,,
1230,臺中市北屯區松竹路二段107巷61~90號,,,
1231,臺中市中區中華路一段171之1~30號,,,
1232,臺中市南區南和路151~180號,,,
1233,臺中市南區工學北路181~210號,,,
1234,臺中市中區中山路241~270號,,,
1235,臺中市西區忠仁街163巷1~30號,,,
1236,臺中市北區中山路451~480號,,,
1237,臺中市大肚區遊園路一段70巷1弄1~30號,,,
1238,臺中市大肚區蔗南路180巷1~30號,,,
1239,臺中市大肚區文昌二街60巷1~30號,,,
1240,臺中市太平區中山路一段301~330號,,,
1241,臺中市大里區爽文路538巷31~60號,,,
1242,臺中市太平區建興路245巷91~120號,,,
1243,臺中市太平區光興路401巷31~60號,,,
1244,臺中市大肚區大德四街19巷1~30號,,,
1245,臺中市西區南屯路一段151~180號,,,
1246,臺中市西區大忠街1~30號,,,
1247,臺中市西區模範街2巷1~30號,,,
1248,臺中市西區大同街210巷1~30號,,,
1249,臺中市西區公益路331~360號,,,
1250,臺中市南區南平一街1~30號,,,
1251,臺中市西區三民路一段50巷1~30號,,,
1252,臺中市北屯區柳陽西街93巷31~60號,,,
1253,臺中市北區尚德街91~120號,,,
1254,臺中市北屯區中清路二段808巷31~60號,,,
1255,臺中市北屯區平德路1巷31~60號,,,
1256,臺中市北屯區后庄三街216巷1~30號,,,
1257,臺中市北區北平一街1~30號,,,
1258,臺中市北屯區衛道路61~90號,,,
1259,臺中市北區衛道路211~240號,,,
1260,臺中市北屯區天津路四段301~330號,,,
1261,臺中市北屯區同榮路239巷36弄1~30號,,,
1262,臺中市北區永興街98巷31~60號,,,
1263,臺中市北區山西路二段76巷1~30號,,,
1264,臺中市北區健行路361~390號,,,
1265,臺中市北屯區瀋陽北路31~60號,,,
1266,臺中市北區太原北路182巷1~30號,,,
1267,臺中市北區青島一街1~30號,,,
1268,臺中市北屯區北屯路439之17巷2弄1~30號,,,
1269,臺中市北區進化路303巷31~60號,,,
1270,臺中市北區英才路211~240號,,,
1271,臺中市北區中清路一段601~630號,,,
1272,臺中市西屯區文華路1~30號,,,
1273,臺中市西屯區四川五街1~30號,,,
1274,臺中市西屯區永昌二街20之1~30號,,,
1275,臺中市南屯區黎明路二段91~120號,,,
1276,臺中市南屯區干城街115巷4弄1~30號,,,
1277,臺中市神岡區神岡東街80巷1~30號,,,
1278,臺中市豐原區中陽路94巷1~30號,,,
1279,臺中市豐原區大仁街21巷1~30號,,,
1280,臺中市神岡區大漢街1巷31~60號,,,
1281,臺中市神岡區豐洲路1~30號,,,
1282,臺中市西屯區上明三街1~30號,,,
1283,臺中市新社區興中街121~150號,,,
1284,臺中市大雅區學府路428巷31~60號,,,
1285,臺中市外埔區水美路245巷1~30號,,,
1286,臺中市北屯區柳陽東街31~60號,,,
1287,臺中市北屯區東光路781~810號,,,
1288,臺中市北區健行路86巷7弄31~60號,,,
1289,臺中市北區梅豐街91~120號,,,
1290,臺中市北屯區一新一街28巷1~30號,,,
1291,臺中市北屯區興安路二段451~480號,,,
1292,臺中市北區梅亭東街36巷1~30號,,,
1293,臺中市北屯區中清路二段808巷1~30號,,,
1294,臺中市北區中清路一段61~90號,,,
1295,臺中市西區樂群街25巷1~30號,,,
1296,臺中市中區公園路31~60號,,,
1297,臺中市西區樂群街391~420號,,,
1298,臺中市南區五權南路278巷1~30號,,,
1299,臺中市南區南陽街61~90號,,,
1300,臺中市南區建國南路三段91~120號,,,
1301,臺中市中區大誠街5之1~30號,,,
1302,臺中市北區五順街61~90號,,,
1303,臺中市龍井區遠東街209巷1~30號,,,
1304,臺中市太平區光明路1~30號,,,
1305,臺中市烏日區中山路三段403巷2弄31~60號,,,
1306,臺中市大里區公教街60巷61~90號,,,
1307,臺中市大里區益民路一段156巷1~30號,,,
1308,臺中市大里區立仁路157巷1弄1~30號,,,
1309,臺中市太平區中山路四段213巷2弄1~30號,,,
1310,臺中市龍井區藝術街39巷1~30號,,,
1311,臺中市大肚區遊園路二段198巷1~30號,,,
1312,臺中市西區向上路一段211~240號,,,
1313,臺中市西區三民路一段50巷1~30號,,,
1314,臺中市南區忠孝路121~150號,,,
1315,臺中市南區福陽街34巷1~30號,,,
1316,臺中市西區三民路一段50巷1~30號,,,
1317,臺中市南區建國南路一段241~270號,,,
1318,臺中市西區公益路91~120號,,,
1319,臺中市中區臺灣大道一段361~390號,,,
1320,臺中市東區精武路151~180號,,,
1321,臺中市北區益華街120巷1~30號,,,
1322,臺中市北區中清路一段279巷1~30號,,,
1323,臺中市北屯區豐樂路10巷22弄1~30號,,,
1324,臺中市北屯區遼陽四街31~60號,,,
1325,臺中市北屯區東山路一段218巷10弄1~30號,,,
1326,臺中市北屯區松義街151~180號,,,
1327,臺中市北區漢口路四段61~90號,,,
1328,臺中市沙鹿區臺灣大道七段432巷66弄1~30號,,,
1329,臺中市潭子區福潭路88巷1~30號,,,
1330,臺中市西屯區西安街277巷25弄1~30號,,,
1331,臺中市西屯區四川路87巷31~60號,,,
1332,臺中市西屯區重慶路301~330號,,,
1333,臺中市西屯區黎明路三段301~330號,,,
1334,臺中市西屯區順和七街1~30號,,,
1335,臺中市西屯區工業區三十八路38巷1~30號,,,
1336,臺中市豐原區東勢街1~30號,,,
1337,臺中市神岡區神洲路262巷1~30號,,,
1338,臺中市豐原區南陽路南陽新村31~60號,,,
1339,臺中市西屯區福上巷181~210號,,,
1340,臺中市西屯區福聯街61~90號,,,
1341,臺中市西屯區青海路二段271~300號,,,
1342,臺中市南屯區公益路二段121~150號,,,
1343,臺中市西屯區青海路一段91~120號,,,
1344,臺中市西屯區重慶路151~180號,,,
1345,臺中市潭子區大新路75巷1~30號,,,
1346,臺中市清水區秀水里民享路211~240號,,,
1347,臺中市北屯區大連路一段41巷1~30號,,,
1348,臺中市北區英才路170巷1~30號,,,
1349,臺中市北區大德街63巷1~30號,,,
1350,臺中市北區健行路421~450號,,,
1351,臺中市北區太原路二段222巷1~30號,,,
1352,臺中市北屯區遼陽北一街1~30號,,,
1353,臺中市北區太原南二街91~120號,,,
1354,臺中市北區五義街121~150號,,,
1355,臺中市北區五義街121~150號,,,
1356,臺中市北屯區中清路二段808巷1~30號,,,
1357,臺中市北區進化路571~600號,,,
1358,臺中市北屯區北屯路271~300號,,,
1359,臺中市北區國豐街1~30號,,,
1360,臺中市北屯區文昌東五街61~90號,,,
1361,臺中市西區南屯路一段1~30號,,,
1362,臺中市南區五權南路601~630號,,,
1363,臺中市中區民權路151~180號,,,
1364,臺中市南區公理街1~30號,,,
1365,臺中市西屯區河南路二段301巷1~30號,,,
1366,臺中市龍井區藝術北街1~30號,,,
1367,臺中市豐原區豐東路168巷67弄1~30號,,,
1368,臺中市太平區大興路481~510號,,,
1369,臺中市烏日區中山路一段329巷1~30號,,,
1370,臺中市大里區瑞和街60巷10弄1~30號,,,
1371,臺中市大里區文隆街1~30號,,,
1372,臺中市霧峰區復興六街1巷1~30號,,,
1373,臺中市大里區塗城路304巷51弄1~30號,,,
1374,臺中市大里區新仁一街121~150號,,,
1375,臺中市大里區新仁一街31~60號,,,
1376,臺中市太平區新平路三段387巷1弄1~30號,,,
1377,臺中市大肚區遊園路一段70巷1弄1~30號,,,
1378,臺中市龍井區遠東街81巷1~30號,,,
1379,臺中市東區十甲路421~450號,,,
1380,臺中市西區復興路三段53巷1~30號,,,
1381,臺中市西區三民路一段50巷1~30號,,,
1382,臺中市南區南門路59巷61~90號,,,
1383,臺中市中區公園路31~60號,,,
1384,臺中市中區民權路151~180號,,,
1385,臺中市南區南和路151~180號,,,
1386,臺中市北屯區東山路一段181~210號,,,
1387,臺中市北屯區松義街181~210號,,,
1388,臺中市北屯區太原路三段871~900號,,,
1389,臺中市北區三民路三段134巷5弄1~30號,,,
1390,臺中市北屯區天津路四段301~330號,,,
1391,臺中市北屯區文心路四段811~840號,,,
1392,臺中市北區梅豐街91~120號,,,
1393,臺中市北區忠明七街15巷1~30號,,,
1394,臺中市北屯區大連路一段115巷1~30號,,,
1395,臺中市北屯區三光一街1~30號,,,
1396,臺中市北區陝西東五街47巷1~30號,,,
1397,臺中市北屯區旅順路一段1~30號,,,
1398,臺中市北區德化街91~120號,,,
1399,臺中市北區美德街151~180號,,,
1400,臺中市北屯區文昌二街2巷1~30號,,,
1401,臺中市梧棲區民和路一段31~60號,,,
1402,臺中市大甲區經國路901~930號,,,
1403,臺中市潭子區興華一路271~300號,,,
1404,臺中市大雅區龍善二街161巷31~60號,,,
1405,臺中市石岡區梅子巷37弄31~60號,,,
1406,臺中市西屯區福科路411巷1~30號,,,
1407,臺中市西屯區青海路二段271~300號,,,
1408,臺中市西屯區櫻城三街1~30號,,,
1409,臺中市西屯區寶慶街30巷1~30號,,,
1410,臺中市南屯區河南路四段350巷1~30號,,,
1411,臺中市西屯區臺灣大道四段691~720號,,,
1412,臺中市西屯區重慶路151~180號,,,
1413,臺中市豐原區西勢路289巷1~30號,,,
1414,臺中市豐原區信義街211~240號,,,
1415,臺中市豐原區社皮路31巷1~30號,,,
1416,臺中市南屯區黎明東街421~450號,,,
1417,臺中市南屯區向心南路982巷1~30號,,,
1418,臺中市西屯區至善路101巷1~30號,,,
1419,臺中市南屯區向上路三段61~90號,,,
1420,臺中市潭子區大通街113巷1~30號,,,
1421,臺中市潭子區昌平路三段150巷15弄1~30號,,,
1422,臺中市潭子區大通街53巷1~30號,,,
1423,臺中市大甲區雁門路121~150號,,,
1424,臺中市清水區五權路109巷1~30號,,,
1425,臺中市沙鹿區光明街350巷1~30號,,,
1426,臺中市梧棲區長春路258巷1~30號,,,
1427,臺中市沙鹿區光明街350巷1~30號,,,
1428,臺中市沙鹿區光明街350巷1~30號,,,
1429,臺中市沙鹿區忠貞路300巷1~30號,,,
1430,臺中市北區北興街151~180號,,,
1431,臺中市北屯區松竹路二段2巷1~30號,,,
1432,臺中市北屯區北屯路271~300號,,,
1433,臺中市北區進化北路151~180號,,,
1434,臺中市北屯區天祥街91~120號,,,
1435,臺中市北屯區文昌東七街56巷1~30號,,,
1436,臺中市北屯區敦化路一段481~510號,,,
1437,臺中市北屯區東山路一段241~270號,,,
1438,臺中市北區成功路421~450號,,,
1439,臺中市北區自強街43巷30弄1~30號,,,
1440,臺中市北屯區遼寧路一段160巷1~30號,,,
1441,臺中市北屯區東山路一段140巷81弄1~30號,,,
1442,臺中市北屯區軍功路二段32巷1~30號,,,
1443,臺中市北區青島一街1~30號,,,
1444,臺中市北區五權路331~360號,,,
1445,臺中市南區文心南路721~750號,,,
1446,臺中市西區華美街391~420號,,,
1447,臺中市西區忠明南路361~390號,,,
1448,臺中市西區五權八街121~150號,,,
1449,臺中市中區民族路152之1~30號,,,
1450,臺中市西區居仁街1~30號,,,
1451,臺中市南區德富路241~270號,,,
1452,臺中市東區力行路66巷1~30號,,,
1453,臺中市中區公園路31~60號,,,
1454,臺中市西區樂群街361~390號,,,
1455,臺中市龍井區藝術街19巷1~30號,,,
1456,臺中市大肚區沙田路二段132巷43弄1~30號,,,
1457,臺中市龍井區新興路1~30號,,,
1458,臺中市大肚區王福街113巷31~60號,,,
1459,臺中市東勢區中泰街87巷1~30號,,,
1460,臺中市太平區中山路一段245巷1~30號,,,
1461,臺中市太平區大富街19巷1~30號,,,
1462,臺中市霧峰區四德路241~270號,,,
1463,臺中市大里區頂厝路23之2巷1~30號,,,
1464,臺中市大里區新南路20巷1~30號,,,
1465,臺中市烏日區中山路二段121~150號,,,
1466,臺中市大里區頂厝路23之2巷1~30號,,,
1467,臺中市霧峰區四德北路85巷1~30號,,,
1468,臺中市東勢區東蘭路71巷1~30號,,,
1469,臺中市大肚區遊園路一段150巷151~180號,,,
1470,臺中市龍井區遠東街81巷1~30號,,,
1471,臺中市中區成功路1~30號,,,
1472,臺中市西區公益路174巷1~30號,,,
1473,臺中市西區美村路一段755巷1~30號,,,
1474,臺中市南區復興路一段207巷1~30號,,,
1475,臺中市西區三民路一段151~180號,,,
1476,臺中市南區文林街33巷1~30號,,,
1477,臺中市西區朝陽街61~90號,,,
1478,臺中市北屯區遼寧路一段31巷1~30號,,,
1479,臺中市北區太原四街1~30號,,,
1480,臺中市北屯區瀋陽路三段361~390號,,,
1481,臺中市北區崇德路一段238巷1~30號,,,
1482,臺中市北區青島路一段1~30號,,,
1483,臺中市北區漢口路四段91~120號,,,
1484,臺中市北區文心路四段181~210號,,,
1485,臺中市北屯區天津路四段301~330號,,,
1486,臺中市北屯區大連路三段1~30號,,,
1487,臺中市沙鹿區北中路31~60號,,,
1488,臺中市沙鹿區四平街38巷1~30號,,,
1489,臺中市外埔區甲后路五段130巷52弄31~60號,,,
1490,臺中市潭子區勝利十二街87巷1~30號,,,
1491,臺中市潭子區中山路一段15巷1~30號,,,
1492,臺中市潭子區潭興路一段湳底巷1~30號,,,
1493,臺中市潭子區福潭路870巷31~60號,,,
1494,臺中市西屯區西安街277巷25弄1~30號,,,
1495,臺中市南屯區大業路481~510號,,,
1496,臺中市西屯區上安路31~60號,,,
1497,臺中市西屯區四川路87巷31~60號,,,
1498,臺中市西屯區福上巷龍欣一弄1~30號,,,
1499,臺中市西屯區天水西一街1~30號,,,
1500,臺中市南屯區向上南路一段151~180號,,,
1501,臺中市西屯區福上巷319弄1~30號,,,
1502,臺中市西屯區文心路二段541~570號,,,
1503,臺中市神岡區北庄路31~60號,,,
1504,臺中市豐原區安和路1~30號,,,
1505,臺中市豐原區豐原大道二段251巷1~30號,,,
1506,臺中市豐原區豐勢路二段332巷19弄1~30號,,,
1507,臺中市南屯區向上路五段1~30號,,,
1508,臺中市西屯區長安路二段71巷62弄1~30號,,,
1509,臺中市西屯區福上巷181~210號,,,
1510,臺中市西屯區四川三街31~60號,,,
1511,臺中市南屯區文心一路391~420號,,,
1512,臺中市西屯區西屯路二段268之8巷1~30號,,,
1513,臺中市西屯區四川路87巷61~90號,,,
1514,臺中市西屯區大弘四街15巷1~30號,,,
1515,臺中市西屯區西屯路二段268之8巷1~30號,,,
1516,臺中市大雅區神林南路173巷1弄1~30號,,,
1517,臺中市大安區中山南路301~330號,,,
1518,臺中市北區忠太東路91~120號,,,
1519,臺中市北屯區雷中街102巷1~30號,,,
1520,臺中市北屯區松義街181~210號,,,
1521,臺中市北區中清路一段421~450號,,,
1522,臺中市北區健行路421~450號,,,
1523,臺中市北屯區北屯路180巷1~30號,,,
1524,臺中市北區漢口路三段1~30號,,,
1525,臺中市北屯區北屯路240巷91~120號,,,
1526,臺中市北區永興街315巷1~30號,,,
1527,臺中市西區三民路一段50巷1~30號,,,
1528,臺中市西區三民路一段50巷1~30號,,,
1529,臺中市西區中美街379巷1~30號,,,
1530,臺中市西區中美街379巷1~30號,,,
1531,臺中市中區公園路2之1~30號,,,
1532,臺中市西區樂群街361~390號,,,
1533,臺中市南區工學一街242巷1~30號,,,
1534,臺中市西區公正路163巷1~30號,,,
1535,臺中市西區民生路541~570號,,,
1536,臺中市東區十甲路13巷31~60號,,,
1537,臺中市西屯區福聯街15巷1~30號,,,
1538,臺中市大肚區中沙路164巷6弄91~120號,,,
1539,臺中市太平區長龍路一段中山三巷31~60號,,,
1540,臺中市太平區中山路一段232巷1~30號,,,
1541,臺中市大里區中興路二段631~660號,,,
1542,臺中市太平區立智街31~60號,,,
1543,臺中市太平區中山路二段541巷1~30號,,,
1544,臺中市大肚區沙田路二段132巷5弄31~60號,,,
1545,臺中市大肚區遊園路一段150巷121~150號,,,
1546,臺中市南區忠明南路691巷1~30號,,,
1547,臺中市西區三民路一段50巷1~30號,,,
1548,臺中市西區公益路331~360號,,,
1549,臺中市南區五權南路631~660號,,,
1550,臺中市西區民生路181~210號,,,
1551,臺中市中區光復路151~180號,,,
1552,臺中市北區德化街1~30號,,,
1553,臺中市北區大義街39巷1~30號,,,
1554,臺中市北區錦中街91~120號,,,
1555,臺中市北區尚德街74巷1~30號,,,
1556,臺中市北區進化北路241~270號,,,
1557,臺中市北區衛道路211~240號,,,
1558,臺中市北區太平路141巷31~60號,,,
1559,臺中市北屯區東山路二段250巷8弄31~60號,,,
1560,臺中市北區篤行路296巷1~30號,,,
1561,臺中市北區武漢街61~90號,,,
1562,臺中市沙鹿區福幼街157巷1~30號,,,
1563,臺中市清水區?i榔里3鄰中央路41巷1~30號,,,
1564,臺中市外埔區長生路31~60號,,,
1565,臺中市大甲區青二路5巷1~30號,,,
1566,臺中市潭子區福潭路313巷1~30號,,,
1567,臺中市潭子區大新路75巷1~30號,,,
1568,臺中市西屯區至善路121巷1~30號,,,
1569,臺中市西屯區寶慶街30巷1~30號,,,
1570,臺中市西屯區西平里逢甲路91~120號,,,
1571,臺中市南屯區惠文路661~690號,,,
1572,臺中市南屯區河南路四段350巷1~30號,,,
1573,臺中市南屯區黎明路一段242巷1~30號,,,
1574,臺中市西屯區福上巷181~210號,,,
1575,臺中市西屯區至善路1~30號,,,
1576,臺中市西屯區臺灣大道四段1141~1170號,,,
1577,臺中市豐原區三豐路二段138巷1~30號,,,
1578,臺中市豐原區豐勢路二段1007巷1~30號,,,
1579,臺中市西屯區西安街277巷25弄1~30號,,,
1580,臺中市西屯區西安街277巷25弄1~30號,,,
1581,臺中市西屯區西安街130巷1~30號,,,
1582,臺中市西屯區西屯路二段270巷1~30號,,,
1583,臺中市南屯區黎明路二段71巷1~30號,,,
1584,臺中市西屯區四川路87巷31~60號,,,
1585,臺中市西屯區福聯街31~60號,,,
1586,臺中市西屯區福上巷241弄1~30號,,,
1587,臺中市西屯區永昌三街1~30號,,,
1588,臺中市潭子區大德一路二段48巷1~30號,,,
1589,臺中市大甲區蔣公路214巷1~30號,,,
1590,臺中市沙鹿區臺灣大道七段432巷107弄1~30號,,,
1591,臺中市沙鹿區三條圳二街181~210號,,,
1592,臺中市北屯區環太東路691~720號,,,
1593,臺中市北屯區中清路二段1250巷158弄1~30號,,,
1594,臺中市北區梅亭街451~480號,,,
1595,臺中市北區山西路二段8巷1~30號,,,
1596,臺中市中區建國路181~210號,,,
1597,臺中市南區忠孝路121~150號,,,
1598,臺中市中區民權路151~180號,,,
1599,臺中市南區美村南路61~90號,,,
1600,臺中市西區大業路1~30號,,,
1601,臺中市中區公園路31~60號,,,
1602,臺中市龍井區藝術街16巷8弄1~30號,,,
1603,臺中市龍井區新興路31~60號,,,
1604,臺中市太平區德安街42巷1~30號,,,
1605,臺中市太平區新高路10巷1~30號,,,
1606,臺中市烏日區三榮十六路1巷31~60號,,,
1607,臺中市霧峰區四德北路95巷72弄1~30號,,,
1608,臺中市大里區新仁七街83巷1~30號,,,
1609,臺中市大里區塗城路830巷1~30號,,,
1610,臺中市大里區立仁路157巷1弄61~90號,,,
1611,臺中市太平區德安街110巷1~30號,,,
1612,臺中市北屯區臺中市北屯區東山路一段53巷1~30號,,,
1613,臺中市南區公理街31~60號,,,
1614,臺中市中區市府路107巷1~30號,,,
1615,臺中市中區成功路241之1~30號,,,
1616,臺中市西區三民路一段50巷1~30號,,,
1617,臺中市北區北平一街1~30號,,,
1618,臺中市北區美德街352巷1~30號,,,
1619,臺中市北屯區安順東二街31~60號,,,
1620,臺中市北區崇德路一段500巷1~30號,,,
1621,臺中市北區博館路65巷9弄1~30號,,,
1622,臺中市北區漢口路四段31~60號,,,
1623,臺中市北區漢口路四段91~120號,,,
1624,臺中市北區漢口路四段91~120號,,,
1625,臺中市北區忠明五街1~30號,,,
1626,臺中市北區梅川東路三段132巷1~30號,,,
1627,臺中市北屯區九龍街61~90號,,,
1628,臺中市北屯區大連路三段61~90號,,,
1629,臺中市清水區鎮新北路1~30號,,,
1630,臺中市清水區鎮新北路1~30號,,,
1631,臺中市石岡區九房里豐勢路860巷1~30號,,,
1632,臺中市南屯區大光街173巷1~30號,,,
1633,臺中市西屯區福安一街1~30號,,,
1634,臺中市西屯區長安路二段122巷1~30號,,,
1635,臺中市西屯區永昌三街1~30號,,,
1636,臺中市西屯區漢口路二段31~60號,,,
1637,臺中市西屯區工業區三十八路91~120號,,,
1638,臺中市南屯區楓和路766巷1~30號,,,
1639,臺中市西屯區重慶路151~180號,,,
1640,臺中市西屯區西屯路二段297之8巷1~30號,,,
1641,臺中市南屯區東興西街1~30號,,,
1642,臺中市豐原區同安街105巷1~30號,,,
1643,臺中市神岡區中山路1426巷1~30號,,,
1644,臺中市豐原區圓環東路281巷18弄1~30號,,,
1645,臺中市豐原區源豐路217巷1~30號,,,
1646,臺中市豐原區角潭路一段59巷2弄1~30號,,,
1647,臺中市豐原區田心路二段267巷1弄1~30號,,,
1648,臺中市豐原區三村路122巷15弄1~30號,,,
1649,臺中市豐原區中正路167巷1~30號,,,
1650,臺中市神岡區豐社一街1~30號,,,
1651,臺中市南屯區大墩六街211~240號,,,
1652,臺中市南屯區黎明東街331~360號,,,
1653,臺中市西屯區長安路二段70巷1~30號,,,
1654,臺中市西屯區福瑞街31~60號,,,
1655,臺中市西屯區福順路871~900號,,,
1656,臺中市西屯區甘肅路一段1~30號,,,
1657,臺中市西屯區順和六街1~30號,,,
1658,臺中市西屯區永福路121~150號,,,
1659,臺中市外埔區水美路285巷91~120號,,,
1660,臺中市外埔區二崁路706巷5弄31~60號,,,
1661,臺中市梧棲區自強一街90巷1~30號,,,
1662,臺中市北屯區東山路一段121~150號,,,
1663,臺中市北區永興街181~210號,,,
1664,臺中市北屯區文心路四段721~750號,,,
1665,臺中市北屯區中清路二段333巷5弄1~30號,,,
1666,臺中市北屯區大連路三段21巷61~90號,,,
1667,臺中市北屯區崇德六路一段31巷1~30號,,,
1668,臺中市北區陝西路61~90號,,,
1669,臺中市北屯區東山路一段37巷11弄1~30號,,,
1670,臺中市北屯區興安路一段91~120號,,,
1671,臺中市北區篤行路358之1巷31~60號,,,
1672,臺中市北區育德路2巷31~60號,,,
1673,臺中市北區北平路二段55巷1~30號,,,
1674,臺中市南區學府路181~210號,,,
1675,臺中市南區永和街31~60號,,,
1676,臺中市西區大業路31~60號,,,
1677,臺中市中區中華路一段91~120號,,,
1678,臺中市東區進化路168巷15弄1~30號,,,
1679,臺中市南區學府路135巷1~30號,,,
1680,臺中市北屯區興安路二段142巷1~30號,,,
1681,臺中市太平區大興二十一街91~120號,,,
1682,臺中市霧峰區民生路171巷1~30號,,,
1683,臺中市大里區新仁路二段157巷1~30號,,,
1684,臺中市大里區德芳路一段82巷61~90號,,,
1685,臺中市烏日區健行北路211~240號,,,
1686,臺中市大里區德芳路一段光華巷31~60號,,,
1687,臺中市烏日區榮泰街122巷1~30號,,,
1688,臺中市烏日區榮泰街122巷1~30號,,,
1689,臺中市烏日區榮泰街122巷1~30號,,,
1690,臺中市大里區中興路一段2巷217弄1~30號,,,
1691,臺中市北屯區平德路61~90號,,,
1692,臺中市龍井區新興路25巷1弄1~30號,,,
1693,臺中市龍井區藝術街81巷1~30號,,,
1694,臺中市龍井區藝術街81巷1~30號,,,
1695,臺中市西區五權三街406巷1~30號,,,
1696,臺中市西區民生路126巷1~30號,,,
1697,臺中市西區忠仁街91~120號,,,
1698,臺中市西區民權路217巷1~30號,,,
1699,臺中市西區忠仁街91~120號,,,
1700,臺中市西區忠仁街91~120號,,,
1701,臺中市西區三民路一段50巷1~30號,,,
1702,臺中市西區三民路一段50巷1~30號,,,
1703,臺中市北屯區興安路二段167巷1~30號,,,
1704,臺中市北屯區大連路一段16巷31~60號,,,
1705,臺中市北區天津路一段181~210號,,,
1706,臺中市北區漢口路四段361~390號,,,
1707,臺中市北區進化北路264巷8弄1~30號,,,
1708,臺中市北區成功路421~450號,,,
1709,臺中市北區北平路二段1~30號,,,
1710,臺中市北區英士路91~120號,,,
1711,臺中市北區北平路二段1~30號,,,
1712,臺中市北區中清路一段541~570號,,,
1713,臺中市梧棲區永興路一段651巷2弄1~30號,,,
1714,臺中市大甲區義和二街181~210號,,,
1715,臺中市大甲區中山路一段1147巷151~180號,,,
1716,臺中市大甲區青三路2巷31~60號,,,
1717,臺中市潭子區大富路一段44巷1~30號,,,
1718,臺中市潭子區勝利五街43巷121~150號,,,
1719,臺中市新社區中和街三段39巷1~30號,,,
1720,臺中市西屯區福聯街15巷1~30號,,,
1721,臺中市西屯區黎明路三段301~330號,,,
1722,臺中市西屯區福中十一街10巷1~30號,,,
1723,臺中市西屯區黎明路三段301~330號,,,
1724,臺中市南屯區南屯路二段860巷28弄1~30號,,,
1725,臺中市西屯區文華路91~120號,,,
1726,臺中市南屯區河南路四段661~690號,,,
1727,臺中市豐原區永康路267巷1弄1~30號,,,
1728,臺中市豐原區鎌村路690巷1~30號,,,
1729,臺中市豐原區南陽路南陽新村31~60號,,,
1730,臺中市豐原區北陽路151~180號,,,
1731,臺中市后里區福德路211~240號,,,
1732,臺中市東勢區文新街140巷1~30號,,,
1733,臺中市梧棲區信義街31巷61~90號,,,
1734,臺中市北區崇德路一段133巷1~30號,,,
1735,臺中市北區成功路421~450號,,,
1736,臺中市北區國瑞街1~30號,,,
1737,臺中市北區永興街80巷1~30號,,,
1738,臺中市北區中達街12巷1~30號,,,
1739,臺中市北區進化路642巷1~30號,,,
1740,臺中市北區健行路86巷7弄31~60號,,,
1741,臺中市南區復興路二段135巷1~30號,,,
1742,臺中市南區工學路59巷1~30號,,,
1743,臺中市南區學府路168巷1~30號,,,
1744,臺中市西區五權三街61~90號,,,
1745,臺中市南區公理街31~60號,,,
1746,臺中市北區英士路91~120號,,,
1747,臺中市太平區長億路91~120號,,,
1748,臺中市大里區萬壽街49巷1~30號,,,
1749,臺中市大里區益民路一段156巷1~30號,,,
1750,臺中市大里區中興路二段日新巷61~90號,,,
1751,臺中市太平區永豐北路61~90號,,,
1752,臺中市東勢區東蘭路181~210號,,,
1753,臺中市龍井區藝術街15巷1~30號,,,
1754,臺中市大肚區中沙路164巷5弄61~90號,,,
1755,臺中市南區五權南路601~630號,,,
1756,臺中市西區五權一街151~180號,,,
1757,臺中市西區三民路一段50巷1~30號,,,
1758,臺中市北區太原八街91~120號,,,
1759,臺中市北屯區敦化路一段571~600號,,,
1760,臺中市北屯區東山路一段147巷9弄1~30號,,,
1761,臺中市北區太原路一段481~510號,,,
1762,臺中市北區文心路四段181~210號,,,
1763,臺中市北屯區河北路二段181~210號,,,
1764,臺中市北區中清路一段811~840號,,,
1765,臺中市北區東光東街61~90號,,,
1766,臺中市北屯區平德路41巷1~30號,,,
1767,臺中市沙鹿區臺灣大道七段432巷107弄1~30號,,,
1768,臺中市大雅區雅楓街99巷2弄1~30號,,,
1769,臺中市東勢區本街鯉魚一巷1~30號,,,
1770,臺中市新社區中和街四段221巷31~60號,,,
1771,臺中市東勢區東環街212巷1~30號,,,
1772,臺中市西屯區至善路121巷1~30號,,,
1773,臺中市西屯區上石路151~180號,,,
1774,臺中市南屯區東興西街1~30號,,,
1775,臺中市西屯區福中三街1~30號,,,
1776,臺中市豐原區西安街92巷1~30號,,,
1777,臺中市神岡區豐洲路901~930號,,,
1778,臺中市豐原區南陽路南陽新村121~150號,,,
1779,臺中市西屯區西屯路二段297之8巷1~30號,,,
1780,臺中市南屯區三和街121~150號,,,
1781,臺中市西屯區長安路一段29巷1~30號,,,
1782,臺中市西屯區文華路91~120號,,,
1783,臺中市西屯區櫻花路1~30號,,,
1784,臺中市石岡區豐勢路1051~1080號,,,
1785,臺中市潭子區仁愛路二段206巷1~30號,,,
1786,臺中市潭子區頭張路一段117巷17弄1~30號,,,
1787,臺中市北屯區中清路二段742巷2弄1~30號,,,
1788,臺中市北區英才路170巷1~30號,,,
1789,臺中市北屯區松竹路二段107巷1~30號,,,
1790,臺中市北屯區天津路四段271~300號,,,
1791,臺中市北屯區旱溪東路三段61~90號,,,
1792,臺中市北屯區昌平路二段50之6巷2弄31~60號,,,
1793,臺中市北屯區昌平路二段4巷61~90號,,,
1794,臺中市西區向上路一段241~270號,,,
1795,臺中市東區進化路168巷31~60號,,,
1796,臺中市南區忠明南路1288巷16弄1~30號,,,
1797,臺中市南區復興路三段1~30號,,,
1798,臺中市龍井區中央路一段202巷1~30號,,,
1799,臺中市大里區美村街146巷65弄1~30號,,,
1800,臺中市大里區益民路二段438巷1~30號,,,
1801,臺中市大里區新仁路一段213巷1~30號,,,
1802,臺中市太平區德利路110巷1~30號,,,
1803,臺中市龍井區藝術街39巷1~30號,,,
1804,臺中市龍井區中厝路50巷52弄1~30號,,,
1805,臺中市龍井區藝術街39巷1~30號,,,
1806,臺中市中區興民街1~30號,,,
1807,臺中市西區篤行路181~210號,,,
1808,臺中市西區模範街17巷1~30號,,,
1809,臺中市西區繼光街8巷1~30號,,,
1810,臺中市中區大誠街5之1~30號,,,
1811,臺中市西區華美西街一段31~60號,,,
1812,臺中市東區建成路721~750號,,,
1813,臺中市北屯區松竹路二段305巷1~30號,,,
1814,臺中市北區三民路三段241~270號,,,
1815,臺中市北區健行路421~450號,,,
1816,臺中市北屯區四平路387巷61~90號,,,
1817,臺中市北屯區松竹路二段305巷1~30號,,,
1818,臺中市北屯區遼寧路一段1~30號,,,
1819,臺中市北區忠明八街1~30號,,,
1820,臺中市北屯區平德路103巷1~30號,,,
1821,臺中市北屯區同榮路260巷1~30號,,,
1822,臺中市北屯區太原路三段243巷1~30號,,,
1823,臺中市北屯區軍和街421~450號,,,
1824,臺中市北區大德街85巷1~30號,,,
1825,臺中市北區大德街151~180號,,,
1826,臺中市北區興進路76巷1~30號,,,
1827,臺中市北區太原八街91~120號,,,
1828,臺中市清水區高美路151~180號,,,
1829,臺中市沙鹿區福鹿街31~60號,,,
1830,臺中市沙鹿區福幼街31~60號,,,
1831,臺中市外埔區中山路456巷1~30號,,,
1832,臺中市西屯區臺灣大道二段777巷1~30號,,,
1833,臺中市西屯區四川路87巷61~90號,,,
1834,臺中市西屯區永福路61~90號,,,
1835,臺中市西屯區福安路55巷1~30號,,,
1836,臺中市西屯區寶慶街50巷31~60號,,,
1837,臺中市豐原區富翁街181~210號,,,
1838,臺中市豐原區中正路695巷1~30號,,,
1839,臺中市后里區內東路151~180號,,,
1840,臺中市豐原區東陽路130巷31~60號,,,
1841,臺中市西屯區中工二路91~120號,,,
1842,臺中市西屯區福聯街15巷1~30號,,,
1843,臺中市南屯區嶺東路901~930號,,,
1844,臺中市南屯區文昌街227巷91~120號,,,
1845,臺中市西屯區西墩北巷10之8弄1~30號,,,
1846,臺中市大甲區和平路265巷1~30號,,,
1847,臺中市北屯區平德路31~60號,,,
1848,臺中市北區進化路319巷1~30號,,,
1849,臺中市北屯區安順東十街16巷1~30號,,,
1850,臺中市北屯區僑孝街20巷1~30號,,,
1851,臺中市北屯區安順四街31~60號,,,
1852,臺中市北屯區崇德路一段594巷1~30號,,,
1853,臺中市北區國泰街61~90號,,,
1854,臺中市北區育強街91~120號,,,
1855,臺中市東區旱溪東路一段1~30號,,,
1856,臺中市西區美村路一段721~750號,,,
1857,臺中市太平區中山路二段388巷31~60號,,,
1858,臺中市大里區長春路121~150號,,,
1859,臺中市大里區善化路91~120號,,,
1860,臺中市大里區天寶街8巷1~30號,,,
1861,臺中市太平區長安路493巷15弄31~60號,,,
1862,臺中市太平區長億東五街116巷1~30號,,,
1863,臺中市太平區中山路一段245巷1~30號,,,
1864,臺中市太平區中山路一段245巷1~30號,,,
1865,臺中市大肚區沙田路二段132巷3弄31~60號,,,
1866,臺中市大肚區太平路1巷3弄31~60號,,,
1867,臺中市西屯區福聯街15巷1~30號,,,
1868,臺中市西區民權路181~210號,,,
1869,臺中市南區建成路1471~1500號,,,
1870,臺中市西區昇平街121~150號,,,
1871,臺中市中區民權路14巷1~30號,,,
1872,臺中市中區公園路31~60號,,,
1873,臺中市西區樂群街271~300號,,,
1874,臺中市北屯區北屯路240巷1~30號,,,
1875,臺中市北區健行路421~450號,,,
1876,臺中市北區美德街347巷1~30號,,,
1877,臺中市北區光大街121~150號,,,
1878,臺中市北屯區綏遠路二段61~90號,,,
1879,臺中市北區錦中街91~120號,,,
1880,臺中市北屯區大連路一段115巷1~30號,,,
1881,臺中市北區文昌東一街25巷1~30號,,,
1882,臺中市大甲區工二路1~30號,,,
1883,臺中市大雅區神林南路207巷1~30號,,,
1884,臺中市西屯區福瑞街66巷1~30號,,,
1885,臺中市西屯區何厝街1~30號,,,
1886,臺中市西屯區大恩街31~60號,,,
1887,臺中市西屯區至善路101巷1~30號,,,
1888,臺中市西屯區寶慶街30巷1~30號,,,
1889,臺中市豐原區同安街11巷1~30號,,,
1890,臺中市神岡區國豐路一段200巷31弄1~30號,,,
1891,臺中市豐原區田心路一段132巷1~30號,,,
1892,臺中市西屯區黎明路三段301~330號,,,
1893,臺中市南屯區嶺東路901~930號,,,
1894,臺中市西屯區櫻城三街1~30號,,,
1895,臺中市南屯區黎明路一段271~300號,,,
1896,臺中市潭子區潭富路一段1~30號,,,
1897,臺中市外埔區甲后路三段937巷26弄1~30號,,,
1898,臺中市北屯區東山路一段241~270號,,,
1899,臺中市北區北平路二段30巷1~30號,,,
1900,臺中市北區忠明路481~510號,,,
1901,臺中市北屯區東光路724巷1~30號,,,
1902,臺中市北區學士路178巷1~30號,,,
1903,臺中市北區光大街121~150號,,,
1904,臺中市北區德化街1~30號,,,
1905,臺中市北屯區安順東七街151~180號,,,
1906,臺中市北屯區太和路一段2巷31~60號,,,
1907,臺中市北區健行路1~30號,,,
1908,臺中市北區五常街151巷1~30號,,,
1909,臺中市南區學府路181~210號,,,
1910,臺中市西區精誠九街1~30號,,,
1911,臺中市南區五權南路614巷3弄1~30號,,,
1912,臺中市西區公正路181~210號,,,
1913,臺中市南區忠明南路721~750號,,,
1914,臺中市西區三民路一段31~60號,,,
1915,臺中市西區華美街391~420號,,,
1916,臺中市西區華美街211~240號,,,
1917,臺中市龍井區遠東街202巷1~30號,,,
1918,臺中市太平區光興路91巷31~60號,,,
1919,臺中市太平區新平路三段271~300號,,,
1920,臺中市太平區坪林路46巷1~30號,,,
1921,臺中市大里區頂厝路23之2巷1~30號,,,
1922,臺中市大里區塗城路151巷1~30號,,,
1923,臺中市太平區太平三街56巷1~30號,,,
1924,臺中市龍井區藝術街81巷1~30號,,,
1925,臺中市西區五權三街79巷1~30號,,,
1926,臺中市南區南和二街1~30號,,,
1927,臺中市南區文心南路541~570號,,,
1928,臺中市中區中華路一段1~30號,,,
1929,臺中市北區日進街31~60號,,,
1930,臺中市北屯區橫坑巷1~30號,,,
1931,臺中市北屯區天津路四段301~330號,,,
1932,臺中市北屯區崇德六路一段30巷91~120號,,,
1933,臺中市北屯區中清路二段1250巷130弄31~60號,,,
1934,臺中市北屯區國強街290巷1~30號,,,
1935,臺中市北屯區北安街31~60號,,,
1936,臺中市北區中清路一段61~90號,,,
1937,臺中市北屯區敦化路一段450巷1~30號,,,
1938,臺中市北區成功路421~450號,,,
1939,臺中市清水區中興街91~120號,,,
1940,臺中市潭子區榮興街1~30號,,,
1941,臺中市大雅區神林南路115巷31~60號,,,
1942,臺中市潭子區大成街13巷1~30號,,,
1943,臺中市西屯區福上巷214弄31~60號,,,
1944,臺中市西屯區西安街130巷1~30號,,,
1945,臺中市西屯區西安街130巷1~30號,,,
1946,臺中市豐原區南陽路南陽新村151~180號,,,
1947,臺中市后里區甲后路一段227巷98弄31~60號,,,
1948,臺中市西屯區西安街130巷1~30號,,,
1949,臺中市西屯區玉門路80巷21弄1~30號,,,
1950,臺中市南屯區南屯路二段241~270號,,,
1951,臺中市東勢區中山路1~30號,,,
1952,臺中市東勢區豐勢路631~660號,,,
1953,臺中市沙鹿區保寧路22巷31~60號,,,
1954,臺中市沙鹿區六路十四街31~60號,,,
1955,臺中市沙鹿區中清路八段481~510號,,,
1956,臺中市北區漢口路四段91~120號,,,
1957,臺中市北屯區進化北路53巷1~30號,,,
1958,臺中市北區健行路421~450號,,,
1959,臺中市北屯區文昌東十二街61~90號,,,
1960,臺中市北區國強街24巷1~30號,,,
1961,臺中市北屯區后庄路187巷1~30號,,,
1962,臺中市北屯區熱河路一段61~90號,,,
1963,臺中市北屯區太原路三段139巷1~30號,,,
1964,臺中市北屯區興安路二段31~60號,,,
1965,臺中市北屯區山西路二段211~240號,,,
1966,臺中市西區精誠路181~210號,,,
1967,臺中市西區五權三街271~300號,,,
1968,臺中市中區成功路306巷1~30號,,,
1969,臺中市中區民權路151~180號,,,
1970,臺中市西區昇平街121~150號,,,
1971,臺中市龍井區新興路25巷1弄1~30號,,,
1972,臺中市龍井區新庄街一段96巷96弄1~30號,,,
1973,臺中市大肚區大德一街61~90號,,,
1974,臺中市西屯區西屯路二段上石北5巷3弄1~30號,,,
1975,臺中市北區忠太東路91~120號,,,
1976,臺中市龍井區茄投路121~150號,,,
1977,臺中市太平區大源二十八街1~30號,,,
1978,臺中市太平區宜欣九街1~30號,,,
1979,臺中市太平區新平路三段269巷1~30號,,,
1980,臺中市龍井區藝術街81巷1~30號,,,
1981,臺中市大肚區遊園路一段70巷2弄1~30號,,,
1982,臺中市南區興大路301巷1~30號,,,
1983,臺中市南區忠孝路181~210號,,,
1984,臺中市南區瑞豊街31~60號,,,
1985,臺中市西區民生北路91~120號,,,
1986,臺中市北區梅亭街572巷1~30號,,,
1987,臺中市北屯區新興路1~30號,,,
1988,臺中市北屯區文心路四段811~840號,,,
1989,臺中市北區榮華街61~90號,,,
1990,臺中市北屯區東山路一段140巷81弄1~30號,,,
1991,臺中市北區山西路一段13巷1~30號,,,
1992,臺中市沙鹿區星河路541~570號,,,
1993,臺中市南屯區向上南路一段151~180號,,,
1994,臺中市西屯區寧夏路31~60號,,,
1995,臺中市西屯區西屯路二段297之8巷12弄1~30號,,,
1996,臺中市西屯區中清西二街121~150號,,,
1997,臺中市南屯區河南路四段391~420號,,,
1998,臺中市西屯區大信街13巷1~30號,,,
1999,臺中市西屯區福聯街22巷1~30號,,,
2000,臺中市西屯區華夏巷東一弄1~30號,,,
2001,臺中市西屯區漢口路二段211~240號,,,
2002,臺中市西屯區福上巷181~210號,,,
2003,臺中市豐原區鎌村路210巷52弄1~30號,,,
2004,臺中市豐原區中正路811~840號,,,
2005,臺中市西屯區上明一街54巷1~30號,,,
2006,臺中市南屯區黎明路二段71巷31~60號,,,
2007,臺中市西屯區工業區三十八路40巷1~30號,,,
2008,臺中市東勢區東蘭路181~210號,,,
2009,臺中市大雅區大榮街61~90號,,,
2010,臺中市北屯區永定二街61~90號,,,
2011,臺中市北屯區青島路三段1~30號,,,
2012,臺中市北屯區東山路一段37巷11弄1~30號,,,
2013,臺中市北屯區東山路一段長安巷31~60號,,,
2014,臺中市北區自強街45巷1~30號,,,
2015,臺中市西區梅川東路二段31~60號,,,
2016,臺中市西區梅川東路二段31~60號,,,
2017,臺中市西區民生路181~210號,,,
2018,臺中市東區玉皇街68巷1~30號,,,
2019,臺中市東區進德路20巷1~30號,,,
2020,臺中市西區華美街91~120號,,,
2021,臺中市龍井區中社路361~390號,,,
2022,臺中市后里區內東路廣成巷31~60號,,,
2023,臺中市太平區樹德一街182巷1~30號,,,
